Town,Country,Source
Aberchirder,Scotland,https://www.usp.scot/Browse/AZ
Aberdeen,Scotland,https://www.usp.scot/Browse/AZ
Aberdour,Scotland,https://www.usp.scot/Browse/AZ
Aberfeldy,Scotland,https://www.usp.scot/Browse/AZ
Aberlady,Scotland,https://www.usp.scot/Browse/AZ
Aberlour,Scotland,https://www.usp.scot/Browse/AZ
Abernethy,Scotland,https://www.usp.scot/Browse/AZ
Aboyne,Scotland,https://www.usp.scot/Browse/AZ
Addiewell,Scotland,https://www.usp.scot/Browse/AZ
Airdrie,Scotland,https://www.usp.scot/Browse/AZ
Airth,Scotland,https://www.usp.scot/Browse/AZ
Alexandria,Scotland,https://www.usp.scot/Browse/AZ
Alford,Scotland,https://www.usp.scot/Browse/AZ
Allanton,Scotland,https://www.usp.scot/Browse/AZ
Alloa,Scotland,https://www.usp.scot/Browse/AZ
Almondbank,Scotland,https://www.usp.scot/Browse/AZ
Alness,Scotland,https://www.usp.scot/Browse/AZ
Alva,Scotland,https://www.usp.scot/Browse/AZ
Alyth,Scotland,https://www.usp.scot/Browse/AZ
Annan,Scotland,https://www.usp.scot/Browse/AZ
Anstruther,Scotland,https://www.usp.scot/Browse/AZ
Arbroath,Scotland,https://www.usp.scot/Browse/AZ
Ardersier,Scotland,https://www.usp.scot/Browse/AZ
Ardrishaig,Scotland,https://www.usp.scot/Browse/AZ
Ardrossan,Scotland,https://www.usp.scot/Browse/AZ
Armadale,Scotland,https://www.usp.scot/Browse/AZ
Ashgill,Scotland,https://www.usp.scot/Browse/AZ
Auchinleck,Scotland,https://www.usp.scot/Browse/AZ
Auchterarder,Scotland,https://www.usp.scot/Browse/AZ
Auchtermuchty,Scotland,https://www.usp.scot/Browse/AZ
Aviemore,Scotland,https://www.usp.scot/Browse/AZ
Avoch,Scotland,https://www.usp.scot/Browse/AZ
Ayr,Scotland,https://www.usp.scot/Browse/AZ
Balfron,Scotland,https://www.usp.scot/Browse/AZ
Balintore,Scotland,https://www.usp.scot/Browse/AZ
Ballater,Scotland,https://www.usp.scot/Browse/AZ
"Ballingry, Lochore and Crosshill",Scotland,https://www.usp.scot/Browse/AZ
Balloch,Scotland,https://www.usp.scot/Browse/AZ
Balloch and Haldane,Scotland,https://www.usp.scot/Browse/AZ
Balmedie,Scotland,https://www.usp.scot/Browse/AZ
Balmullo,Scotland,https://www.usp.scot/Browse/AZ
Banavie and Corpach,Scotland,https://www.usp.scot/Browse/AZ
Banchory,Scotland,https://www.usp.scot/Browse/AZ
Banff,Scotland,https://www.usp.scot/Browse/AZ
Bankfoot,Scotland,https://www.usp.scot/Browse/AZ
Banknock,Scotland,https://www.usp.scot/Browse/AZ
Bannockburn,Scotland,https://www.usp.scot/Browse/AZ
Bargeddie,Scotland,https://www.usp.scot/Browse/AZ
Barrhead,Scotland,https://www.usp.scot/Browse/AZ
Bathgate,Scotland,https://www.usp.scot/Browse/AZ
Bearsden,Scotland,https://www.usp.scot/Browse/AZ
Beauly,Scotland,https://www.usp.scot/Browse/AZ
Beith,Scotland,https://www.usp.scot/Browse/AZ
Bellsbank,Scotland,https://www.usp.scot/Browse/AZ
Bellshill,Scotland,https://www.usp.scot/Browse/AZ
Biggar,Scotland,https://www.usp.scot/Browse/AZ
Bilston,Scotland,https://www.usp.scot/Browse/AZ
Birkhill and Muirhead,Scotland,https://www.usp.scot/Browse/AZ
Bishopbriggs,Scotland,https://www.usp.scot/Browse/AZ
Bishopton,Scotland,https://www.usp.scot/Browse/AZ
Blackburn (Aberdeenshire),Scotland,https://www.usp.scot/Browse/AZ
Blackburn (West Lothian),Scotland,https://www.usp.scot/Browse/AZ
Blackridge,Scotland,https://www.usp.scot/Browse/AZ
Blairgowrie,Scotland,https://www.usp.scot/Browse/AZ
Blairhall,Scotland,https://www.usp.scot/Browse/AZ
Blantyre,Scotland,https://www.usp.scot/Browse/AZ
Bo'ness,Scotland,https://www.usp.scot/Browse/AZ
Boddam,Scotland,https://www.usp.scot/Browse/AZ
Bonhill,Scotland,https://www.usp.scot/Browse/AZ
Bonnybridge,Scotland,https://www.usp.scot/Browse/AZ
Bonnyrigg,Scotland,https://www.usp.scot/Browse/AZ
Bothwell,Scotland,https://www.usp.scot/Browse/AZ
Bowling and Old Kilpatrick,Scotland,https://www.usp.scot/Browse/AZ
Brechin,Scotland,https://www.usp.scot/Browse/AZ
Bridge of Allan,Scotland,https://www.usp.scot/Browse/AZ
Bridge of Earn,Scotland,https://www.usp.scot/Browse/AZ
Bridge of Weir,Scotland,https://www.usp.scot/Browse/AZ
Brightons,Scotland,https://www.usp.scot/Browse/AZ
Broadford,Scotland,https://www.usp.scot/Browse/AZ
Brookfield,Scotland,https://www.usp.scot/Browse/AZ
Brora,Scotland,https://www.usp.scot/Browse/AZ
Broxburn,Scotland,https://www.usp.scot/Browse/AZ
Buckhaven,Scotland,https://www.usp.scot/Browse/AZ
Buckie,Scotland,https://www.usp.scot/Browse/AZ
Burghead,Scotland,https://www.usp.scot/Browse/AZ
Burnfoot,Scotland,https://www.usp.scot/Browse/AZ
Burntisland,Scotland,https://www.usp.scot/Browse/AZ
Busby,Scotland,https://www.usp.scot/Browse/AZ
Cairneyhill,Scotland,https://www.usp.scot/Browse/AZ
Calderbank,Scotland,https://www.usp.scot/Browse/AZ
Caldercruix,Scotland,https://www.usp.scot/Browse/AZ
Callander,Scotland,https://www.usp.scot/Browse/AZ
Cambuslang,Scotland,https://www.usp.scot/Browse/AZ
Campbeltown,Scotland,https://www.usp.scot/Browse/AZ
Caol,Scotland,https://www.usp.scot/Browse/AZ
Cardenden and Auchterderran,Scotland,https://www.usp.scot/Browse/AZ
Cardross,Scotland,https://www.usp.scot/Browse/AZ
Carfin,Scotland,https://www.usp.scot/Browse/AZ
Carluke,Scotland,https://www.usp.scot/Browse/AZ
Carmunnock,Scotland,https://www.usp.scot/Browse/AZ
Carnoustie,Scotland,https://www.usp.scot/Browse/AZ
Carnwath,Scotland,https://www.usp.scot/Browse/AZ
Carron,Scotland,https://www.usp.scot/Browse/AZ
Carronshore,Scotland,https://www.usp.scot/Browse/AZ
Castle Douglas,Scotland,https://www.usp.scot/Browse/AZ
Catrine,Scotland,https://www.usp.scot/Browse/AZ
Chapelhall,Scotland,https://www.usp.scot/Browse/AZ
Chirnside,Scotland,https://www.usp.scot/Browse/AZ
Chryston,Scotland,https://www.usp.scot/Browse/AZ
Clackmannan,Scotland,https://www.usp.scot/Browse/AZ
Clarkston,Scotland,https://www.usp.scot/Browse/AZ
Cleland,Scotland,https://www.usp.scot/Browse/AZ
Clydebank,Scotland,https://www.usp.scot/Browse/AZ
Coalburn,Scotland,https://www.usp.scot/Browse/AZ
Coalsnaughton,Scotland,https://www.usp.scot/Browse/AZ
Coaltown of Balgonie,Scotland,https://www.usp.scot/Browse/AZ
Coatbridge,Scotland,https://www.usp.scot/Browse/AZ
Cockenzie,Scotland,https://www.usp.scot/Browse/AZ
Coldstream,Scotland,https://www.usp.scot/Browse/AZ
Comrie (Perth & Kinross),Scotland,https://www.usp.scot/Browse/AZ
Conon Bridge,Scotland,https://www.usp.scot/Browse/AZ
Countesswells,Scotland,https://www.usp.scot/Browse/AZ
Coupar Angus,Scotland,https://www.usp.scot/Browse/AZ
Cove Bay,Scotland,https://www.usp.scot/Browse/AZ
Cowdenbeath,Scotland,https://www.usp.scot/Browse/AZ
Cowie,Scotland,https://www.usp.scot/Browse/AZ
Coylton,Scotland,https://www.usp.scot/Browse/AZ
Crail,Scotland,https://www.usp.scot/Browse/AZ
Crieff,Scotland,https://www.usp.scot/Browse/AZ
Crossford (Fife),Scotland,https://www.usp.scot/Browse/AZ
Crossgates,Scotland,https://www.usp.scot/Browse/AZ
Crosshouse,Scotland,https://www.usp.scot/Browse/AZ
Croy,Scotland,https://www.usp.scot/Browse/AZ
Cruden Bay,Scotland,https://www.usp.scot/Browse/AZ
Cullen,Scotland,https://www.usp.scot/Browse/AZ
Culloden,Scotland,https://www.usp.scot/Browse/AZ
Cumbernauld,Scotland,https://www.usp.scot/Browse/AZ
Cumnock,Scotland,https://www.usp.scot/Browse/AZ
Cupar,Scotland,https://www.usp.scot/Browse/AZ
Dalbeattie,Scotland,https://www.usp.scot/Browse/AZ
Dalgety Bay and Hillend,Scotland,https://www.usp.scot/Browse/AZ
Dalkeith,Scotland,https://www.usp.scot/Browse/AZ
Dalmellington,Scotland,https://www.usp.scot/Browse/AZ
Dalry,Scotland,https://www.usp.scot/Browse/AZ
Dalrymple,Scotland,https://www.usp.scot/Browse/AZ
Danderhall,Scotland,https://www.usp.scot/Browse/AZ
Darvel,Scotland,https://www.usp.scot/Browse/AZ
Denny,Scotland,https://www.usp.scot/Browse/AZ
Dennyloanhead,Scotland,https://www.usp.scot/Browse/AZ
Dingwall,Scotland,https://www.usp.scot/Browse/AZ
Dollar,Scotland,https://www.usp.scot/Browse/AZ
Dornoch,Scotland,https://www.usp.scot/Browse/AZ
Douglas,Scotland,https://www.usp.scot/Browse/AZ
Doune,Scotland,https://www.usp.scot/Browse/AZ
Dreghorn,Scotland,https://www.usp.scot/Browse/AZ
Drongan,Scotland,https://www.usp.scot/Browse/AZ
Drumnadrochit,Scotland,https://www.usp.scot/Browse/AZ
Drumoak,Scotland,https://www.usp.scot/Browse/AZ
Dufftown,Scotland,https://www.usp.scot/Browse/AZ
Dumbarton,Scotland,https://www.usp.scot/Browse/AZ
Dumfries,Scotland,https://www.usp.scot/Browse/AZ
Dunbar,Scotland,https://www.usp.scot/Browse/AZ
Dunblane,Scotland,https://www.usp.scot/Browse/AZ
Dundee,Scotland,https://www.usp.scot/Browse/AZ
Dundonald,Scotland,https://www.usp.scot/Browse/AZ
Dunfermline,Scotland,https://www.usp.scot/Browse/AZ
Dunipace,Scotland,https://www.usp.scot/Browse/AZ
Dunkeld and Birnam,Scotland,https://www.usp.scot/Browse/AZ
Dunlop,Scotland,https://www.usp.scot/Browse/AZ
Dunoon,Scotland,https://www.usp.scot/Browse/AZ
Duns,Scotland,https://www.usp.scot/Browse/AZ
Duntocher and Hardgate,Scotland,https://www.usp.scot/Browse/AZ
Dyce,Scotland,https://www.usp.scot/Browse/AZ
Eaglesham,Scotland,https://www.usp.scot/Browse/AZ
Earlston,Scotland,https://www.usp.scot/Browse/AZ
East Calder,Scotland,https://www.usp.scot/Browse/AZ
East Kilbride,Scotland,https://www.usp.scot/Browse/AZ
East Linton,Scotland,https://www.usp.scot/Browse/AZ
East Wemyss,Scotland,https://www.usp.scot/Browse/AZ
East Whitburn,Scotland,https://www.usp.scot/Browse/AZ
Eastriggs,Scotland,https://www.usp.scot/Browse/AZ
Edinburgh,Scotland,https://www.usp.scot/Browse/AZ
Elderslie,Scotland,https://www.usp.scot/Browse/AZ
Elgin,Scotland,https://www.usp.scot/Browse/AZ
Ellon,Scotland,https://www.usp.scot/Browse/AZ
Errol,Scotland,https://www.usp.scot/Browse/AZ
Erskine,Scotland,https://www.usp.scot/Browse/AZ
Evanton,Scotland,https://www.usp.scot/Browse/AZ
Eyemouth,Scotland,https://www.usp.scot/Browse/AZ
Faifley,Scotland,https://www.usp.scot/Browse/AZ
Fairlie,Scotland,https://www.usp.scot/Browse/AZ
Falkirk,Scotland,https://www.usp.scot/Browse/AZ
Falkland,Scotland,https://www.usp.scot/Browse/AZ
Fallin,Scotland,https://www.usp.scot/Browse/AZ
Fauldhouse,Scotland,https://www.usp.scot/Browse/AZ
Fenwick,Scotland,https://www.usp.scot/Browse/AZ
Ferryden and Inchbraoch,Scotland,https://www.usp.scot/Browse/AZ
Fochabers,Scotland,https://www.usp.scot/Browse/AZ
Forfar,Scotland,https://www.usp.scot/Browse/AZ
Forres,Scotland,https://www.usp.scot/Browse/AZ
Fort William,Scotland,https://www.usp.scot/Browse/AZ
Forth,Scotland,https://www.usp.scot/Browse/AZ
Fortrose,Scotland,https://www.usp.scot/Browse/AZ
Fraserburgh,Scotland,https://www.usp.scot/Browse/AZ
Freuchie,Scotland,https://www.usp.scot/Browse/AZ
Friockheim,Scotland,https://www.usp.scot/Browse/AZ
Galashiels,Scotland,https://www.usp.scot/Browse/AZ
Galston,Scotland,https://www.usp.scot/Browse/AZ
Garelochhead,Scotland,https://www.usp.scot/Browse/AZ
Gartcosh,Scotland,https://www.usp.scot/Browse/AZ
Gatehouse of Fleet,Scotland,https://www.usp.scot/Browse/AZ
Giffnock,Scotland,https://www.usp.scot/Browse/AZ
Girvan,Scotland,https://www.usp.scot/Browse/AZ
Glasgow,Scotland,https://www.usp.scot/Browse/AZ
Glenboig,Scotland,https://www.usp.scot/Browse/AZ
Glenmavis,Scotland,https://www.usp.scot/Browse/AZ
Glenrothes,Scotland,https://www.usp.scot/Browse/AZ
Golspie,Scotland,https://www.usp.scot/Browse/AZ
Gorebridge,Scotland,https://www.usp.scot/Browse/AZ
Gourock,Scotland,https://www.usp.scot/Browse/AZ
Grangemouth,Scotland,https://www.usp.scot/Browse/AZ
Grantown-on-Spey,Scotland,https://www.usp.scot/Browse/AZ
Greenhill,Scotland,https://www.usp.scot/Browse/AZ
Greenock,Scotland,https://www.usp.scot/Browse/AZ
Gretna,Scotland,https://www.usp.scot/Browse/AZ
Guardbridge,Scotland,https://www.usp.scot/Browse/AZ
Gullane,Scotland,https://www.usp.scot/Browse/AZ
Haddington,Scotland,https://www.usp.scot/Browse/AZ
Hallglen,Scotland,https://www.usp.scot/Browse/AZ
Hamilton,Scotland,https://www.usp.scot/Browse/AZ
Harthill,Scotland,https://www.usp.scot/Browse/AZ
Hawick,Scotland,https://www.usp.scot/Browse/AZ
Head of Muir,Scotland,https://www.usp.scot/Browse/AZ
Helensburgh,Scotland,https://www.usp.scot/Browse/AZ
"High Valleyfield, Low Valleyfield and Culross",Scotland,https://www.usp.scot/Browse/AZ
Hillside,Scotland,https://www.usp.scot/Browse/AZ
Holytown,Scotland,https://www.usp.scot/Browse/AZ
Hopeman,Scotland,https://www.usp.scot/Browse/AZ
Houston,Scotland,https://www.usp.scot/Browse/AZ
Howwood,Scotland,https://www.usp.scot/Browse/AZ
Huntly,Scotland,https://www.usp.scot/Browse/AZ
Hurlford and Crookedholm,Scotland,https://www.usp.scot/Browse/AZ
Inchinnan,Scotland,https://www.usp.scot/Browse/AZ
Inchture,Scotland,https://www.usp.scot/Browse/AZ
Innellan,Scotland,https://www.usp.scot/Browse/AZ
Innerleithen,Scotland,https://www.usp.scot/Browse/AZ
Insch,Scotland,https://www.usp.scot/Browse/AZ
Inverallochy and Cairnbulg,Scotland,https://www.usp.scot/Browse/AZ
Inverbervie,Scotland,https://www.usp.scot/Browse/AZ
Invergordon,Scotland,https://www.usp.scot/Browse/AZ
Invergowrie,Scotland,https://www.usp.scot/Browse/AZ
Inverkeithing,Scotland,https://www.usp.scot/Browse/AZ
Inverkip,Scotland,https://www.usp.scot/Browse/AZ
Inverness,Scotland,https://www.usp.scot/Browse/AZ
Inverurie,Scotland,https://www.usp.scot/Browse/AZ
Irvine,Scotland,https://www.usp.scot/Browse/AZ
Jedburgh,Scotland,https://www.usp.scot/Browse/AZ
Johnstone,Scotland,https://www.usp.scot/Browse/AZ
Keith,Scotland,https://www.usp.scot/Browse/AZ
Kelso,Scotland,https://www.usp.scot/Browse/AZ
Kelty,Scotland,https://www.usp.scot/Browse/AZ
Kemnay,Scotland,https://www.usp.scot/Browse/AZ
Kennoway,Scotland,https://www.usp.scot/Browse/AZ
Kilbarchan,Scotland,https://www.usp.scot/Browse/AZ
Kilbirnie,Scotland,https://www.usp.scot/Browse/AZ
Kilcreggan,Scotland,https://www.usp.scot/Browse/AZ
Killearn,Scotland,https://www.usp.scot/Browse/AZ
Kilmacolm,Scotland,https://www.usp.scot/Browse/AZ
Kilmarnock,Scotland,https://www.usp.scot/Browse/AZ
Kilmaurs,Scotland,https://www.usp.scot/Browse/AZ
Kilsyth,Scotland,https://www.usp.scot/Browse/AZ
Kilwinning,Scotland,https://www.usp.scot/Browse/AZ
Kincardine,Scotland,https://www.usp.scot/Browse/AZ
Kinghorn,Scotland,https://www.usp.scot/Browse/AZ
Kinglassie,Scotland,https://www.usp.scot/Browse/AZ
Kingswells,Scotland,https://www.usp.scot/Browse/AZ
Kingussie,Scotland,https://www.usp.scot/Browse/AZ
Kinloss,Scotland,https://www.usp.scot/Browse/AZ
Kinross,Scotland,https://www.usp.scot/Browse/AZ
Kintore,Scotland,https://www.usp.scot/Browse/AZ
Kirkcaldy and Dysart,Scotland,https://www.usp.scot/Browse/AZ
Kirkconnel and Kelloholm,Scotland,https://www.usp.scot/Browse/AZ
Kirkcudbright,Scotland,https://www.usp.scot/Browse/AZ
Kirkintilloch,Scotland,https://www.usp.scot/Browse/AZ
Kirkliston,Scotland,https://www.usp.scot/Browse/AZ
Kirkmuirhill and Blackwood,Scotland,https://www.usp.scot/Browse/AZ
Kirknewton,Scotland,https://www.usp.scot/Browse/AZ
Kirkwall,Scotland,https://www.usp.scot/Browse/AZ
Kirriemuir,Scotland,https://www.usp.scot/Browse/AZ
Ladybank,Scotland,https://www.usp.scot/Browse/AZ
Lamlash,Scotland,https://www.usp.scot/Browse/AZ
Lanark,Scotland,https://www.usp.scot/Browse/AZ
Langholm,Scotland,https://www.usp.scot/Browse/AZ
Langlee,Scotland,https://www.usp.scot/Browse/AZ
Larbert,Scotland,https://www.usp.scot/Browse/AZ
Largs,Scotland,https://www.usp.scot/Browse/AZ
Larkhall,Scotland,https://www.usp.scot/Browse/AZ
Lauder,Scotland,https://www.usp.scot/Browse/AZ
Laurencekirk,Scotland,https://www.usp.scot/Browse/AZ
Laurieston,Scotland,https://www.usp.scot/Browse/AZ
Law,Scotland,https://www.usp.scot/Browse/AZ
Lennoxtown,Scotland,https://www.usp.scot/Browse/AZ
Lenzie,Scotland,https://www.usp.scot/Browse/AZ
Lerwick,Scotland,https://www.usp.scot/Browse/AZ
Leslie,Scotland,https://www.usp.scot/Browse/AZ
Lesmahagow,Scotland,https://www.usp.scot/Browse/AZ
Letham,Scotland,https://www.usp.scot/Browse/AZ
Leuchars,Scotland,https://www.usp.scot/Browse/AZ
Leven,Scotland,https://www.usp.scot/Browse/AZ
Lhanbryde,Scotland,https://www.usp.scot/Browse/AZ
Liff,Scotland,https://www.usp.scot/Browse/AZ
Limekilns and Charlestown,Scotland,https://www.usp.scot/Browse/AZ
Linlithgow,Scotland,https://www.usp.scot/Browse/AZ
Linwood,Scotland,https://www.usp.scot/Browse/AZ
Livingston,Scotland,https://www.usp.scot/Browse/AZ
Loanhead,Scotland,https://www.usp.scot/Browse/AZ
Locharbriggs,Scotland,https://www.usp.scot/Browse/AZ
Lochgelly and Lumphinnans,Scotland,https://www.usp.scot/Browse/AZ
Lochgilphead,Scotland,https://www.usp.scot/Browse/AZ
Lochmaben,Scotland,https://www.usp.scot/Browse/AZ
Lochwinnoch,Scotland,https://www.usp.scot/Browse/AZ
Lockerbie,Scotland,https://www.usp.scot/Browse/AZ
Longforgan,Scotland,https://www.usp.scot/Browse/AZ
Longniddry,Scotland,https://www.usp.scot/Browse/AZ
Longside,Scotland,https://www.usp.scot/Browse/AZ
Lossiemouth,Scotland,https://www.usp.scot/Browse/AZ
"Lower Largo, Lundin Links and Upper Largo",Scotland,https://www.usp.scot/Browse/AZ
Luncarty,Scotland,https://www.usp.scot/Browse/AZ
Macduff,Scotland,https://www.usp.scot/Browse/AZ
Macmerry,Scotland,https://www.usp.scot/Browse/AZ
Maddiston,Scotland,https://www.usp.scot/Browse/AZ
Maidenhill,Scotland,https://www.usp.scot/Browse/AZ
Markinch,Scotland,https://www.usp.scot/Browse/AZ
Maryburgh,Scotland,https://www.usp.scot/Browse/AZ
Mauchline,Scotland,https://www.usp.scot/Browse/AZ
Maybole,Scotland,https://www.usp.scot/Browse/AZ
Mayfield,Scotland,https://www.usp.scot/Browse/AZ
Melrose,Scotland,https://www.usp.scot/Browse/AZ
Menstrie,Scotland,https://www.usp.scot/Browse/AZ
Methil,Scotland,https://www.usp.scot/Browse/AZ
Methven,Scotland,https://www.usp.scot/Browse/AZ
Mid Calder,Scotland,https://www.usp.scot/Browse/AZ
Millport,Scotland,https://www.usp.scot/Browse/AZ
Milltimber,Scotland,https://www.usp.scot/Browse/AZ
Milnathort,Scotland,https://www.usp.scot/Browse/AZ
Milngavie,Scotland,https://www.usp.scot/Browse/AZ
Milton of Campsie,Scotland,https://www.usp.scot/Browse/AZ
Milton of Leys,Scotland,https://www.usp.scot/Browse/AZ
Mintlaw,Scotland,https://www.usp.scot/Browse/AZ
Moffat,Scotland,https://www.usp.scot/Browse/AZ
Monifieth,Scotland,https://www.usp.scot/Browse/AZ
Monkton,Scotland,https://www.usp.scot/Browse/AZ
Montrose,Scotland,https://www.usp.scot/Browse/AZ
Moodiesburn,Scotland,https://www.usp.scot/Browse/AZ
Morningside,Scotland,https://www.usp.scot/Browse/AZ
Mossblown,Scotland,https://www.usp.scot/Browse/AZ
Mosstodloch,Scotland,https://www.usp.scot/Browse/AZ
Motherwell,Scotland,https://www.usp.scot/Browse/AZ
Muir of Ord,Scotland,https://www.usp.scot/Browse/AZ
Muirhead,Scotland,https://www.usp.scot/Browse/AZ
Muirkirk,Scotland,https://www.usp.scot/Browse/AZ
Musselburgh,Scotland,https://www.usp.scot/Browse/AZ
Nairn,Scotland,https://www.usp.scot/Browse/AZ
Neilston,Scotland,https://www.usp.scot/Browse/AZ
Netherlee,Scotland,https://www.usp.scot/Browse/AZ
New Cumnock,Scotland,https://www.usp.scot/Browse/AZ
New Pitsligo,Scotland,https://www.usp.scot/Browse/AZ
New Stevenston,Scotland,https://www.usp.scot/Browse/AZ
Newarthill,Scotland,https://www.usp.scot/Browse/AZ
Newbridge and Ratho Station,Scotland,https://www.usp.scot/Browse/AZ
Newburgh (Aberdeenshire),Scotland,https://www.usp.scot/Browse/AZ
Newburgh (Fife),Scotland,https://www.usp.scot/Browse/AZ
Newmachar,Scotland,https://www.usp.scot/Browse/AZ
Newmains,Scotland,https://www.usp.scot/Browse/AZ
"Newmarket, Laxdale and Marybank",Scotland,https://www.usp.scot/Browse/AZ
Newmilns,Scotland,https://www.usp.scot/Browse/AZ
Newport-on-Tay and Wormit,Scotland,https://www.usp.scot/Browse/AZ
Newton Mearns,Scotland,https://www.usp.scot/Browse/AZ
Newton Stewart,Scotland,https://www.usp.scot/Browse/AZ
Newtonhill,Scotland,https://www.usp.scot/Browse/AZ
Newtonmore,Scotland,https://www.usp.scot/Browse/AZ
Newtown St Boswells,Scotland,https://www.usp.scot/Browse/AZ
North Berwick,Scotland,https://www.usp.scot/Browse/AZ
North Kessock,Scotland,https://www.usp.scot/Browse/AZ
North Queensferry,Scotland,https://www.usp.scot/Browse/AZ
Oakley,Scotland,https://www.usp.scot/Browse/AZ
Oban,Scotland,https://www.usp.scot/Browse/AZ
Oldmeldrum,Scotland,https://www.usp.scot/Browse/AZ
Ormiston,Scotland,https://www.usp.scot/Browse/AZ
Overtown,Scotland,https://www.usp.scot/Browse/AZ
Paisley,Scotland,https://www.usp.scot/Browse/AZ
Patna,Scotland,https://www.usp.scot/Browse/AZ
Peebles,Scotland,https://www.usp.scot/Browse/AZ
Pencaitland,Scotland,https://www.usp.scot/Browse/AZ
Penicuik,Scotland,https://www.usp.scot/Browse/AZ
Perth,Scotland,https://www.usp.scot/Browse/AZ
Peterculter,Scotland,https://www.usp.scot/Browse/AZ
Peterhead,Scotland,https://www.usp.scot/Browse/AZ
Pitlochry,Scotland,https://www.usp.scot/Browse/AZ
Pitmedden,Scotland,https://www.usp.scot/Browse/AZ
Pittenweem,Scotland,https://www.usp.scot/Browse/AZ
Plains,Scotland,https://www.usp.scot/Browse/AZ
Plean,Scotland,https://www.usp.scot/Browse/AZ
Polbeth,Scotland,https://www.usp.scot/Browse/AZ
Polmont,Scotland,https://www.usp.scot/Browse/AZ
Port Bannatyne,Scotland,https://www.usp.scot/Browse/AZ
Port Glasgow,Scotland,https://www.usp.scot/Browse/AZ
Portknockie,Scotland,https://www.usp.scot/Browse/AZ
Portlethen,Scotland,https://www.usp.scot/Browse/AZ
Portree,Scotland,https://www.usp.scot/Browse/AZ
Portsoy,Scotland,https://www.usp.scot/Browse/AZ
Prestonpans,Scotland,https://www.usp.scot/Browse/AZ
Prestwick,Scotland,https://www.usp.scot/Browse/AZ
Ratho,Scotland,https://www.usp.scot/Browse/AZ
Redding,Scotland,https://www.usp.scot/Browse/AZ
Reddingmuirhead,Scotland,https://www.usp.scot/Browse/AZ
Renfrew,Scotland,https://www.usp.scot/Browse/AZ
Renton,Scotland,https://www.usp.scot/Browse/AZ
Rhu,Scotland,https://www.usp.scot/Browse/AZ
Rosehearty,Scotland,https://www.usp.scot/Browse/AZ
Rosewell,Scotland,https://www.usp.scot/Browse/AZ
Roslin,Scotland,https://www.usp.scot/Browse/AZ
Rosneath,Scotland,https://www.usp.scot/Browse/AZ
Rosyth,Scotland,https://www.usp.scot/Browse/AZ
Rothes,Scotland,https://www.usp.scot/Browse/AZ
Rothesay,Scotland,https://www.usp.scot/Browse/AZ
Rothienorman,Scotland,https://www.usp.scot/Browse/AZ
Rutherglen,Scotland,https://www.usp.scot/Browse/AZ
Saline,Scotland,https://www.usp.scot/Browse/AZ
Salsburgh,Scotland,https://www.usp.scot/Browse/AZ
Saltcoats,Scotland,https://www.usp.scot/Browse/AZ
Sandbank,Scotland,https://www.usp.scot/Browse/AZ
Sanquhar,Scotland,https://www.usp.scot/Browse/AZ
Sauchie,Scotland,https://www.usp.scot/Browse/AZ
Scalloway,Scotland,https://www.usp.scot/Browse/AZ
Scone,Scotland,https://www.usp.scot/Browse/AZ
Seafield,Scotland,https://www.usp.scot/Browse/AZ
Selkirk,Scotland,https://www.usp.scot/Browse/AZ
Shieldhill,Scotland,https://www.usp.scot/Browse/AZ
Shotts,Scotland,https://www.usp.scot/Browse/AZ
Skelmorlie,Scotland,https://www.usp.scot/Browse/AZ
Slamannan,Scotland,https://www.usp.scot/Browse/AZ
Smithton,Scotland,https://www.usp.scot/Browse/AZ
South Queensferry,Scotland,https://www.usp.scot/Browse/AZ
Springfield,Scotland,https://www.usp.scot/Browse/AZ
Springside,Scotland,https://www.usp.scot/Browse/AZ
St Andrews,Scotland,https://www.usp.scot/Browse/AZ
St Boswells,Scotland,https://www.usp.scot/Browse/AZ
St Cyrus,Scotland,https://www.usp.scot/Browse/AZ
St Madoes and Glencarse,Scotland,https://www.usp.scot/Browse/AZ
St Monans,Scotland,https://www.usp.scot/Browse/AZ
Stamperland,Scotland,https://www.usp.scot/Browse/AZ
Stanley,Scotland,https://www.usp.scot/Browse/AZ
Stenhousemuir,Scotland,https://www.usp.scot/Browse/AZ
Stepps,Scotland,https://www.usp.scot/Browse/AZ
Stevenston,Scotland,https://www.usp.scot/Browse/AZ
Stewarton,Scotland,https://www.usp.scot/Browse/AZ
Stirling,Scotland,https://www.usp.scot/Browse/AZ
Stonehaven,Scotland,https://www.usp.scot/Browse/AZ
Stonehouse,Scotland,https://www.usp.scot/Browse/AZ
Stoneyburn,Scotland,https://www.usp.scot/Browse/AZ
Stornoway,Scotland,https://www.usp.scot/Browse/AZ
Stranraer,Scotland,https://www.usp.scot/Browse/AZ
Strathaven,Scotland,https://www.usp.scot/Browse/AZ
Strathblane,Scotland,https://www.usp.scot/Browse/AZ
Strathpeffer,Scotland,https://www.usp.scot/Browse/AZ
Stromness,Scotland,https://www.usp.scot/Browse/AZ
Symington (South Ayrshire),Scotland,https://www.usp.scot/Browse/AZ
Tain,Scotland,https://www.usp.scot/Browse/AZ
Tarbert,Scotland,https://www.usp.scot/Browse/AZ
Tarbolton,Scotland,https://www.usp.scot/Browse/AZ
Tarves,Scotland,https://www.usp.scot/Browse/AZ
Tayport,Scotland,https://www.usp.scot/Browse/AZ
Thornhill (Dumfries and Galloway),Scotland,https://www.usp.scot/Browse/AZ
Thornliebank,Scotland,https://www.usp.scot/Browse/AZ
Thornton,Scotland,https://www.usp.scot/Browse/AZ
Thurso,Scotland,https://www.usp.scot/Browse/AZ
Tillicoultry,Scotland,https://www.usp.scot/Browse/AZ
Tobermory,Scotland,https://www.usp.scot/Browse/AZ
Torphins,Scotland,https://www.usp.scot/Browse/AZ
Torrance,Scotland,https://www.usp.scot/Browse/AZ
Townhill,Scotland,https://www.usp.scot/Browse/AZ
Tranent,Scotland,https://www.usp.scot/Browse/AZ
Troon,Scotland,https://www.usp.scot/Browse/AZ
Tullibody,Scotland,https://www.usp.scot/Browse/AZ
Turriff,Scotland,https://www.usp.scot/Browse/AZ
Twechar,Scotland,https://www.usp.scot/Browse/AZ
Tweedbank,Scotland,https://www.usp.scot/Browse/AZ
Uddingston,Scotland,https://www.usp.scot/Browse/AZ
Ullapool,Scotland,https://www.usp.scot/Browse/AZ
Viewpark,Scotland,https://www.usp.scot/Browse/AZ
Wallyford,Scotland,https://www.usp.scot/Browse/AZ
Waterfoot,Scotland,https://www.usp.scot/Browse/AZ
Wattston and Greengairs,Scotland,https://www.usp.scot/Browse/AZ
Wemyss Bay,Scotland,https://www.usp.scot/Browse/AZ
West Calder,Scotland,https://www.usp.scot/Browse/AZ
West Kilbride,Scotland,https://www.usp.scot/Browse/AZ
West Linton,Scotland,https://www.usp.scot/Browse/AZ
Westhill (Aberdeenshire),Scotland,https://www.usp.scot/Browse/AZ
Westhill (Highland),Scotland,https://www.usp.scot/Browse/AZ
Westquarter,Scotland,https://www.usp.scot/Browse/AZ
Whitburn,Scotland,https://www.usp.scot/Browse/AZ
Whitecraig,Scotland,https://www.usp.scot/Browse/AZ
Whitehills,Scotland,https://www.usp.scot/Browse/AZ
Wick,Scotland,https://www.usp.scot/Browse/AZ
Winchburgh,Scotland,https://www.usp.scot/Browse/AZ
Windygates,Scotland,https://www.usp.scot/Browse/AZ
Wishaw,Scotland,https://www.usp.scot/Browse/AZ
Abingdon-on-Thames,England,https://en.wikipedia.org/wiki/List_of_towns_in_England
Accrington,England,https://en.wikipedia.org/wiki/List_of_towns_in_England
Acle,England,https://en.wikipedia.org/wiki/List_of_towns_in_England
Acton,England,https://en.wikipedia.org/wiki/List_of_towns_in_England
Adlington,England,https://en.wikipedia.org/wiki/List_of_towns_in_England
Alcester,England,https://en.wikipedia.org/wiki/List_of_towns_in_England
Aldeburgh,England,https://en.wikipedia.org/wiki/List_of_towns_in_England
Aldershot,England,https://en.wikipedia.org/wiki/List_of_towns_in_England
Alford,England,https://en.wikipedia.org/wiki/List_of_towns_in_England
Alfreton,England,https://en.wikipedia.org/wiki/List_of_towns_in_England
Alnwick,England,https://en.wikipedia.org/wiki/List_of_towns_in_England
Alsager,England,https://en.wikipedia.org/wiki/List_of_towns_in_England
Alston,England,https://en.wikipedia.org/wiki/List_of_towns_in_England
Alton,England,https://en.wikipedia.org/wiki/List_of_towns_in_England
Altrincham,England,https://en.wikipedia.org/wiki/List_of_towns_in_England
Amble,England,https://en.wikipedia.org/wiki/List_of_towns_in_England
Ambleside,England,https://en.wikipedia.org/wiki/List_of_towns_in_England
Amersham,England,https://en.wikipedia.org/wiki/List_of_towns_in_England
Amesbury,England,https://en.wikipedia.org/wiki/List_of_towns_in_England
Ampthill,England,https://en.wikipedia.org/wiki/List_of_towns_in_England
Andover,England,https://en.wikipedia.org/wiki/List_of_towns_in_England
Appleby-in-Westmorland,England,https://en.wikipedia.org/wiki/List_of_towns_in_England
Arlesey,England,https://en.wikipedia.org/wiki/List_of_towns_in_England
Arundel,England,https://en.wikipedia.org/wiki/List_of_towns_in_England
Ascot,England,https://en.wikipedia.org/wiki/List_of_towns_in_England
Ashbourne,England,https://en.wikipedia.org/wiki/List_of_towns_in_England
Ashburton,England,https://en.wikipedia.org/wiki/List_of_towns_in_England
Ashby-de-la-Zouch,England,https://en.wikipedia.org/wiki/List_of_towns_in_England
Ashford,England,https://en.wikipedia.org/wiki/List_of_towns_in_England
Ashington,England,https://en.wikipedia.org/wiki/List_of_towns_in_England
Ashton-under-Lyne,England,https://en.wikipedia.org/wiki/List_of_towns_in_England
Askern,England,https://en.wikipedia.org/wiki/List_of_towns_in_England
Atherstone,England,https://en.wikipedia.org/wiki/List_of_towns_in_England
Attleborough,England,https://en.wikipedia.org/wiki/List_of_towns_in_England
Axbridge,England,https://en.wikipedia.org/wiki/List_of_towns_in_England
Axminster,England,https://en.wikipedia.org/wiki/List_of_towns_in_England
Aylesbury,England,https://en.wikipedia.org/wiki/List_of_towns_in_England
Aylsham,England,https://en.wikipedia.org/wiki/List_of_towns_in_England
Bacup,England,https://en.wikipedia.org/wiki/List_of_towns_in_England
Bakewell,England,https://en.wikipedia.org/wiki/List_of_towns_in_England
Bampton,England,https://en.wikipedia.org/wiki/List_of_towns_in_England
Banbury,England,https://en.wikipedia.org/wiki/List_of_towns_in_England
Banstead,England,https://en.wikipedia.org/wiki/List_of_towns_in_England
Barking,England,https://en.wikipedia.org/wiki/List_of_towns_in_England
Barnard Castle,England,https://en.wikipedia.org/wiki/List_of_towns_in_England
Barnes,England,https://en.wikipedia.org/wiki/List_of_towns_in_England
Barnoldswick,England,https://en.wikipedia.org/wiki/List_of_towns_in_England
Barnsley,England,https://en.wikipedia.org/wiki/List_of_towns_in_England
Barnstaple,England,https://en.wikipedia.org/wiki/List_of_towns_in_England
Barrow-in-Furness,England,https://en.wikipedia.org/wiki/List_of_towns_in_England
Barton-upon-Humber,England,https://en.wikipedia.org/wiki/List_of_towns_in_England
Basildon,England,https://en.wikipedia.org/wiki/List_of_towns_in_England
Basingstoke,England,https://en.wikipedia.org/wiki/List_of_towns_in_England
Batley,England,https://en.wikipedia.org/wiki/List_of_towns_in_England
Battle,England,https://en.wikipedia.org/wiki/List_of_towns_in_England
Bawtry,England,https://en.wikipedia.org/wiki/List_of_towns_in_England
Beaconsfield,England,https://en.wikipedia.org/wiki/List_of_towns_in_England
Beaminster,England,https://en.wikipedia.org/wiki/List_of_towns_in_England
Bebington,England,https://en.wikipedia.org/wiki/List_of_towns_in_England
Beccles,England,https://en.wikipedia.org/wiki/List_of_towns_in_England
Beckenham,England,https://en.wikipedia.org/wiki/List_of_towns_in_England
Bedale,England,https://en.wikipedia.org/wiki/List_of_towns_in_England
Bedford,England,https://en.wikipedia.org/wiki/List_of_towns_in_England
Bedlington,England,https://en.wikipedia.org/wiki/List_of_towns_in_England
Bedworth,England,https://en.wikipedia.org/wiki/List_of_towns_in_England
Belper,England,https://en.wikipedia.org/wiki/List_of_towns_in_England
Bentham,England,https://en.wikipedia.org/wiki/List_of_towns_in_England
Berkeley,England,https://en.wikipedia.org/wiki/List_of_towns_in_England
Berkhamsted,England,https://en.wikipedia.org/wiki/List_of_towns_in_England
Berwick-upon-Tweed,England,https://en.wikipedia.org/wiki/List_of_towns_in_England
Beverley,England,https://en.wikipedia.org/wiki/List_of_towns_in_England
Bewdley,England,https://en.wikipedia.org/wiki/List_of_towns_in_England
Bexhill-on-Sea,England,https://en.wikipedia.org/wiki/List_of_towns_in_England
Bexley,England,https://en.wikipedia.org/wiki/List_of_towns_in_England
Bicester,England,https://en.wikipedia.org/wiki/List_of_towns_in_England
Biddulph,England,https://en.wikipedia.org/wiki/List_of_towns_in_England
Bideford,England,https://en.wikipedia.org/wiki/List_of_towns_in_England
Biggleswade,England,https://en.wikipedia.org/wiki/List_of_towns_in_England
Billericay,England,https://en.wikipedia.org/wiki/List_of_towns_in_England
Billingham,England,https://en.wikipedia.org/wiki/List_of_towns_in_England
Bilston,England,https://en.wikipedia.org/wiki/List_of_towns_in_England
Bingham,England,https://en.wikipedia.org/wiki/List_of_towns_in_England
Bingley,England,https://en.wikipedia.org/wiki/List_of_towns_in_England
Birchwood,England,https://en.wikipedia.org/wiki/List_of_towns_in_England
Birkenhead,England,https://en.wikipedia.org/wiki/List_of_towns_in_England
Bishop Auckland,England,https://en.wikipedia.org/wiki/List_of_towns_in_England
Bishop's Castle,England,https://en.wikipedia.org/wiki/List_of_towns_in_England
Bishop's Stortford,England,https://en.wikipedia.org/wiki/List_of_towns_in_England
Bishop's Waltham,England,https://en.wikipedia.org/wiki/List_of_towns_in_England
Blackburn,England,https://en.wikipedia.org/wiki/List_of_towns_in_England
Blackpool,England,https://en.wikipedia.org/wiki/List_of_towns_in_England
Blackrod,England,https://en.wikipedia.org/wiki/List_of_towns_in_England
Blackwater and Hawley,England,https://en.wikipedia.org/wiki/List_of_towns_in_England
Blandford Forum,England,https://en.wikipedia.org/wiki/List_of_towns_in_England
Bletchley and Fenny Stratford,England,https://en.wikipedia.org/wiki/List_of_towns_in_England
Blyth,England,https://en.wikipedia.org/wiki/List_of_towns_in_England
Bodmin,England,https://en.wikipedia.org/wiki/List_of_towns_in_England
Bognor Regis,England,https://en.wikipedia.org/wiki/List_of_towns_in_England
Bollington,England,https://en.wikipedia.org/wiki/List_of_towns_in_England
Bolsover,England,https://en.wikipedia.org/wiki/List_of_towns_in_England
Bolton,England,https://en.wikipedia.org/wiki/List_of_towns_in_England
Bootle,England,https://en.wikipedia.org/wiki/List_of_towns_in_England
Bordon,England,https://en.wikipedia.org/wiki/List_of_towns_in_England
Boroughbridge,England,https://en.wikipedia.org/wiki/List_of_towns_in_England
Boston,England,https://en.wikipedia.org/wiki/List_of_towns_in_England
Bottesford,England,https://en.wikipedia.org/wiki/List_of_towns_in_England
Bourne,England,https://en.wikipedia.org/wiki/List_of_towns_in_England
Bournemouth,England,https://en.wikipedia.org/wiki/List_of_towns_in_England
Bovey Tracey,England,https://en.wikipedia.org/wiki/List_of_towns_in_England
Brackley,England,https://en.wikipedia.org/wiki/List_of_towns_in_England
Bracknell,England,https://en.wikipedia.org/wiki/List_of_towns_in_England
Bradford-on-Avon,England,https://en.wikipedia.org/wiki/List_of_towns_in_England
Brading,England,https://en.wikipedia.org/wiki/List_of_towns_in_England
Bradley Stoke,England,https://en.wikipedia.org/wiki/List_of_towns_in_England
Bradninch,England,https://en.wikipedia.org/wiki/List_of_towns_in_England
Braintree,England,https://en.wikipedia.org/wiki/List_of_towns_in_England
Brampton,England,https://en.wikipedia.org/wiki/List_of_towns_in_England
Brandon,England,https://en.wikipedia.org/wiki/List_of_towns_in_England
Braunstone Town,England,https://en.wikipedia.org/wiki/List_of_towns_in_England
Brentford,England,https://en.wikipedia.org/wiki/List_of_towns_in_England
Brentwood,England,https://en.wikipedia.org/wiki/List_of_towns_in_England
Brewood,England,https://en.wikipedia.org/wiki/List_of_towns_in_England
Bridgnorth,England,https://en.wikipedia.org/wiki/List_of_towns_in_England
Bridgwater,England,https://en.wikipedia.org/wiki/List_of_towns_in_England
Bridlington,England,https://en.wikipedia.org/wiki/List_of_towns_in_England
Bridport,England,https://en.wikipedia.org/wiki/List_of_towns_in_England
Brierfield,England,https://en.wikipedia.org/wiki/List_of_towns_in_England
Brierley,England,https://en.wikipedia.org/wiki/List_of_towns_in_England
Brigg,England,https://en.wikipedia.org/wiki/List_of_towns_in_England
Brighouse,England,https://en.wikipedia.org/wiki/List_of_towns_in_England
Brightlingsea,England,https://en.wikipedia.org/wiki/List_of_towns_in_England
Brixham,England,https://en.wikipedia.org/wiki/List_of_towns_in_England
Broadstairs and St Peter's,England,https://en.wikipedia.org/wiki/List_of_towns_in_England
Bromborough,England,https://en.wikipedia.org/wiki/List_of_towns_in_England
Bromley,England,https://en.wikipedia.org/wiki/List_of_towns_in_England
Bromsgrove,England,https://en.wikipedia.org/wiki/List_of_towns_in_England
Bromyard,England,https://en.wikipedia.org/wiki/List_of_towns_in_England
Broseley,England,https://en.wikipedia.org/wiki/List_of_towns_in_England
Brough,England,https://en.wikipedia.org/wiki/List_of_towns_in_England
Broughton,England,https://en.wikipedia.org/wiki/List_of_towns_in_England
Broughton-in-Furness,England,https://en.wikipedia.org/wiki/List_of_towns_in_England
Bruton,England,https://en.wikipedia.org/wiki/List_of_towns_in_England
Buckfastleigh,England,https://en.wikipedia.org/wiki/List_of_towns_in_England
Buckingham,England,https://en.wikipedia.org/wiki/List_of_towns_in_England
Bude-Stratton,England,https://en.wikipedia.org/wiki/List_of_towns_in_England
Budleigh Salterton,England,https://en.wikipedia.org/wiki/List_of_towns_in_England
Bulwell,England,https://en.wikipedia.org/wiki/List_of_towns_in_England
Bungay,England,https://en.wikipedia.org/wiki/List_of_towns_in_England
Buntingford,England,https://en.wikipedia.org/wiki/List_of_towns_in_England
Burford,England,https://en.wikipedia.org/wiki/List_of_towns_in_England
Burgess Hill,England,https://en.wikipedia.org/wiki/List_of_towns_in_England
Burgh-le-Marsh,England,https://en.wikipedia.org/wiki/List_of_towns_in_England
Burnham-on-Crouch,England,https://en.wikipedia.org/wiki/List_of_towns_in_England
Burnham-on-Sea,England,https://en.wikipedia.org/wiki/List_of_towns_in_England
Burnley,England,https://en.wikipedia.org/wiki/List_of_towns_in_England
Burntwood,England,https://en.wikipedia.org/wiki/List_of_towns_in_England
Burslem,England,https://en.wikipedia.org/wiki/List_of_towns_in_England
Burton Latimer,England,https://en.wikipedia.org/wiki/List_of_towns_in_England
Burton upon Trent,England,https://en.wikipedia.org/wiki/List_of_towns_in_England
Bury,England,https://en.wikipedia.org/wiki/List_of_towns_in_England
Bury St Edmunds,England,https://en.wikipedia.org/wiki/List_of_towns_in_England
Bushey,England,https://en.wikipedia.org/wiki/List_of_towns_in_England
Buxton,England,https://en.wikipedia.org/wiki/List_of_towns_in_England
Caistor,England,https://en.wikipedia.org/wiki/List_of_towns_in_England
Callington,England,https://en.wikipedia.org/wiki/List_of_towns_in_England
Calne,England,https://en.wikipedia.org/wiki/List_of_towns_in_England
Camborne,England,https://en.wikipedia.org/wiki/List_of_towns_in_England
Camelford,England,https://en.wikipedia.org/wiki/List_of_towns_in_England
Cannock,England,https://en.wikipedia.org/wiki/List_of_towns_in_England
Canvey Island,England,https://en.wikipedia.org/wiki/List_of_towns_in_England
Carnforth,England,https://en.wikipedia.org/wiki/List_of_towns_in_England
Carlton Colville,England,https://en.wikipedia.org/wiki/List_of_towns_in_England
Carshalton,England,https://en.wikipedia.org/wiki/List_of_towns_in_England
Carterton,England,https://en.wikipedia.org/wiki/List_of_towns_in_England
Castle Cary,England,https://en.wikipedia.org/wiki/List_of_towns_in_England
Castleford,England,https://en.wikipedia.org/wiki/List_of_towns_in_England
Caterham,England,https://en.wikipedia.org/wiki/List_of_towns_in_England
Chagford,England,https://en.wikipedia.org/wiki/List_of_towns_in_England
Chapel-en-le-Frith,England,https://en.wikipedia.org/wiki/List_of_towns_in_England
Chard,England,https://en.wikipedia.org/wiki/List_of_towns_in_England
Charlbury,England,https://en.wikipedia.org/wiki/List_of_towns_in_England
Chatham,England,https://en.wikipedia.org/wiki/List_of_towns_in_England
Chatteris,England,https://en.wikipedia.org/wiki/List_of_towns_in_England
Cheadle,England,https://en.wikipedia.org/wiki/List_of_towns_in_England
Cheltenham,England,https://en.wikipedia.org/wiki/List_of_towns_in_England
Chertsey,England,https://en.wikipedia.org/wiki/List_of_towns_in_England
Chesham,England,https://en.wikipedia.org/wiki/List_of_towns_in_England
Cheshunt,England,https://en.wikipedia.org/wiki/List_of_towns_in_England
Chesterfield,England,https://en.wikipedia.org/wiki/List_of_towns_in_England
Chester-le-Street,England,https://en.wikipedia.org/wiki/List_of_towns_in_England
Chickerell,England,https://en.wikipedia.org/wiki/List_of_towns_in_England
Chilton,England,https://en.wikipedia.org/wiki/List_of_towns_in_England
Chingford,England,https://en.wikipedia.org/wiki/List_of_towns_in_England
Chippenham,England,https://en.wikipedia.org/wiki/List_of_towns_in_England
Chipping Barnet,England,https://en.wikipedia.org/wiki/List_of_towns_in_England
Chipping Campden,England,https://en.wikipedia.org/wiki/List_of_towns_in_England
Chipping Norton,England,https://en.wikipedia.org/wiki/List_of_towns_in_England
Chipping Sodbury,England,https://en.wikipedia.org/wiki/List_of_towns_in_England
Chiswick,England,https://en.wikipedia.org/wiki/List_of_towns_in_England
Chorley,England,https://en.wikipedia.org/wiki/List_of_towns_in_England
Chorleywood,England,https://en.wikipedia.org/wiki/List_of_towns_in_England
Christchurch,England,https://en.wikipedia.org/wiki/List_of_towns_in_England
Chudleigh,England,https://en.wikipedia.org/wiki/List_of_towns_in_England
Chulmleigh,England,https://en.wikipedia.org/wiki/List_of_towns_in_England
Church Stretton,England,https://en.wikipedia.org/wiki/List_of_towns_in_England
Cinderford,England,https://en.wikipedia.org/wiki/List_of_towns_in_England
Cirencester,England,https://en.wikipedia.org/wiki/List_of_towns_in_England
Clare,England,https://en.wikipedia.org/wiki/List_of_towns_in_England
Clay Cross,England,https://en.wikipedia.org/wiki/List_of_towns_in_England
Cleator Moor,England,https://en.wikipedia.org/wiki/List_of_towns_in_England
Cleckheaton,England,https://en.wikipedia.org/wiki/List_of_towns_in_England
Cleethorpes,England,https://en.wikipedia.org/wiki/List_of_towns_in_England
Cleobury Mortimer,England,https://en.wikipedia.org/wiki/List_of_towns_in_England
Clevedon,England,https://en.wikipedia.org/wiki/List_of_towns_in_England
Clitheroe,England,https://en.wikipedia.org/wiki/List_of_towns_in_England
Clun,England,https://en.wikipedia.org/wiki/List_of_towns_in_England
Coalville,England,https://en.wikipedia.org/wiki/List_of_towns_in_England
Cockermouth,England,https://en.wikipedia.org/wiki/List_of_towns_in_England
Coggeshall,England,https://en.wikipedia.org/wiki/List_of_towns_in_England
Colburn,England,https://en.wikipedia.org/wiki/List_of_towns_in_England
Coleford,England,https://en.wikipedia.org/wiki/List_of_towns_in_England
Coleshill,England,https://en.wikipedia.org/wiki/List_of_towns_in_England
Colne,England,https://en.wikipedia.org/wiki/List_of_towns_in_England
Colyton,England,https://en.wikipedia.org/wiki/List_of_towns_in_England
Congleton,England,https://en.wikipedia.org/wiki/List_of_towns_in_England
Conisbrough,England,https://en.wikipedia.org/wiki/List_of_towns_in_England
Corbridge,England,https://en.wikipedia.org/wiki/List_of_towns_in_England
Corby,England,https://en.wikipedia.org/wiki/List_of_towns_in_England
Corringham,England,https://en.wikipedia.org/wiki/List_of_towns_in_England
Corsham,England,https://en.wikipedia.org/wiki/List_of_towns_in_England
Cosham,England,https://en.wikipedia.org/wiki/List_of_towns_in_England
Cotgrave,England,https://en.wikipedia.org/wiki/List_of_towns_in_England
Cowes,England,https://en.wikipedia.org/wiki/List_of_towns_in_England
Coulsdon,England,https://en.wikipedia.org/wiki/List_of_towns_in_England
Cramlington,England,https://en.wikipedia.org/wiki/List_of_towns_in_England
Cranbrook,England,https://en.wikipedia.org/wiki/List_of_towns_in_England
Craven Arms,England,https://en.wikipedia.org/wiki/List_of_towns_in_England
Crawley,England,https://en.wikipedia.org/wiki/List_of_towns_in_England
Crediton,England,https://en.wikipedia.org/wiki/List_of_towns_in_England
Crewe,England,https://en.wikipedia.org/wiki/List_of_towns_in_England
Crewkerne,England,https://en.wikipedia.org/wiki/List_of_towns_in_England
Cricklade,England,https://en.wikipedia.org/wiki/List_of_towns_in_England
Cromer,England,https://en.wikipedia.org/wiki/List_of_towns_in_England
Crook,England,https://en.wikipedia.org/wiki/List_of_towns_in_England
Crosby,England,https://en.wikipedia.org/wiki/List_of_towns_in_England
Crowborough,England,https://en.wikipedia.org/wiki/List_of_towns_in_England
Croydon,England,https://en.wikipedia.org/wiki/List_of_towns_in_England
Crowland,England,https://en.wikipedia.org/wiki/List_of_towns_in_England
Crowle,England,https://en.wikipedia.org/wiki/List_of_towns_in_England
Cullompton,England,https://en.wikipedia.org/wiki/List_of_towns_in_England
Dagenham,England,https://en.wikipedia.org/wiki/List_of_towns_in_England
Dalton-in-Furness,England,https://en.wikipedia.org/wiki/List_of_towns_in_England
Darlaston,England,https://en.wikipedia.org/wiki/List_of_towns_in_England
Darley Dale,England,https://en.wikipedia.org/wiki/List_of_towns_in_England
Darlington,England,https://en.wikipedia.org/wiki/List_of_towns_in_England
Dartford,England,https://en.wikipedia.org/wiki/List_of_towns_in_England
Dartmouth,England,https://en.wikipedia.org/wiki/List_of_towns_in_England
Darwen,England,https://en.wikipedia.org/wiki/List_of_towns_in_England
Daventry,England,https://en.wikipedia.org/wiki/List_of_towns_in_England
Dawley,England,https://en.wikipedia.org/wiki/List_of_towns_in_England
Dawlish,England,https://en.wikipedia.org/wiki/List_of_towns_in_England
Deal,England,https://en.wikipedia.org/wiki/List_of_towns_in_England
Denholme,England,https://en.wikipedia.org/wiki/List_of_towns_in_England
Dereham,England,https://en.wikipedia.org/wiki/List_of_towns_in_England
Desborough,England,https://en.wikipedia.org/wiki/List_of_towns_in_England
Devizes,England,https://en.wikipedia.org/wiki/List_of_towns_in_England
Dewsbury,England,https://en.wikipedia.org/wiki/List_of_towns_in_England
Didcot,England,https://en.wikipedia.org/wiki/List_of_towns_in_England
Dinnington St John's,England,https://en.wikipedia.org/wiki/List_of_towns_in_England
Diss,England,https://en.wikipedia.org/wiki/List_of_towns_in_England
Dorchester,England,https://en.wikipedia.org/wiki/List_of_towns_in_England
Dorking,England,https://en.wikipedia.org/wiki/List_of_towns_in_England
Dover,England,https://en.wikipedia.org/wiki/List_of_towns_in_England
Dovercourt,England,https://en.wikipedia.org/wiki/List_of_towns_in_England
Downham Market,England,https://en.wikipedia.org/wiki/List_of_towns_in_England
Driffield,England,https://en.wikipedia.org/wiki/List_of_towns_in_England
Droitwich Spa,England,https://en.wikipedia.org/wiki/List_of_towns_in_England
Dronfield,England,https://en.wikipedia.org/wiki/List_of_towns_in_England
Dudley,England,https://en.wikipedia.org/wiki/List_of_towns_in_England
Dukinfield,England,https://en.wikipedia.org/wiki/List_of_towns_in_England
Dulverton,England,https://en.wikipedia.org/wiki/List_of_towns_in_England
Dunstable,England,https://en.wikipedia.org/wiki/List_of_towns_in_England
Dunwich,England,https://en.wikipedia.org/wiki/List_of_towns_in_England
Dursley,England,https://en.wikipedia.org/wiki/List_of_towns_in_England
Ealing,England,https://en.wikipedia.org/wiki/List_of_towns_in_England
Earby,England,https://en.wikipedia.org/wiki/List_of_towns_in_England
Earl Shilton,England,https://en.wikipedia.org/wiki/List_of_towns_in_England
Earley,England,https://en.wikipedia.org/wiki/List_of_towns_in_England
Easingwold,England,https://en.wikipedia.org/wiki/List_of_towns_in_England
East Cowes,England,https://en.wikipedia.org/wiki/List_of_towns_in_England
East Grinstead,England,https://en.wikipedia.org/wiki/List_of_towns_in_England
East Ham,England,https://en.wikipedia.org/wiki/List_of_towns_in_England
Eastbourne,England,https://en.wikipedia.org/wiki/List_of_towns_in_England
Eastleigh,England,https://en.wikipedia.org/wiki/List_of_towns_in_England
Eastwood,England,https://en.wikipedia.org/wiki/List_of_towns_in_England
Eccles,England,https://en.wikipedia.org/wiki/List_of_towns_in_England
Eccleshall,England,https://en.wikipedia.org/wiki/List_of_towns_in_England
Edenbridge,England,https://en.wikipedia.org/wiki/List_of_towns_in_England
Edgware,England,https://en.wikipedia.org/wiki/List_of_towns_in_England
Edmonton,England,https://en.wikipedia.org/wiki/List_of_towns_in_England
Egham,England,https://en.wikipedia.org/wiki/List_of_towns_in_England
Egremont,England,https://en.wikipedia.org/wiki/List_of_towns_in_England
Elland,England,https://en.wikipedia.org/wiki/List_of_towns_in_England
Ellesmere,England,https://en.wikipedia.org/wiki/List_of_towns_in_England
Ellesmere Port,England,https://en.wikipedia.org/wiki/List_of_towns_in_England
Elstree and Borehamwood,England,https://en.wikipedia.org/wiki/List_of_towns_in_England
Emsworth,England,https://en.wikipedia.org/wiki/List_of_towns_in_England
Enfield,England,https://en.wikipedia.org/wiki/List_of_towns_in_England
Epping,England,https://en.wikipedia.org/wiki/List_of_towns_in_England
Epsom and Ewell,England,https://en.wikipedia.org/wiki/List_of_towns_in_England
Epworth,England,https://en.wikipedia.org/wiki/List_of_towns_in_England
Erith,England,https://en.wikipedia.org/wiki/List_of_towns_in_England
Eton,England,https://en.wikipedia.org/wiki/List_of_towns_in_England
Evesham,England,https://en.wikipedia.org/wiki/List_of_towns_in_England
Exmouth,England,https://en.wikipedia.org/wiki/List_of_towns_in_England
Eye,England,https://en.wikipedia.org/wiki/List_of_towns_in_England
Fairford,England,https://en.wikipedia.org/wiki/List_of_towns_in_England
Fakenham,England,https://en.wikipedia.org/wiki/List_of_towns_in_England
Falmouth,England,https://en.wikipedia.org/wiki/List_of_towns_in_England
Fareham,England,https://en.wikipedia.org/wiki/List_of_towns_in_England
Faringdon,England,https://en.wikipedia.org/wiki/List_of_towns_in_England
Farnborough,England,https://en.wikipedia.org/wiki/List_of_towns_in_England
Farnham,England,https://en.wikipedia.org/wiki/List_of_towns_in_England
Faversham,England,https://en.wikipedia.org/wiki/List_of_towns_in_England
Fazeley,England,https://en.wikipedia.org/wiki/List_of_towns_in_England
Featherstone,England,https://en.wikipedia.org/wiki/List_of_towns_in_England
Felixstowe,England,https://en.wikipedia.org/wiki/List_of_towns_in_England
Fenton,England,https://en.wikipedia.org/wiki/List_of_towns_in_England
Ferndown,England,https://en.wikipedia.org/wiki/List_of_towns_in_England
Ferryhill,England,https://en.wikipedia.org/wiki/List_of_towns_in_England
Filey,England,https://en.wikipedia.org/wiki/List_of_towns_in_England
Filton,England,https://en.wikipedia.org/wiki/List_of_towns_in_England
Finchley,England,https://en.wikipedia.org/wiki/List_of_towns_in_England
Fleet,England,https://en.wikipedia.org/wiki/List_of_towns_in_England
Fleetwood,England,https://en.wikipedia.org/wiki/List_of_towns_in_England
Flitwick,England,https://en.wikipedia.org/wiki/List_of_towns_in_England
Folkestone,England,https://en.wikipedia.org/wiki/List_of_towns_in_England
Fordbridge,England,https://en.wikipedia.org/wiki/List_of_towns_in_England
Fordingbridge,England,https://en.wikipedia.org/wiki/List_of_towns_in_England
Fordwich,England,https://en.wikipedia.org/wiki/List_of_towns_in_England
Fowey,England,https://en.wikipedia.org/wiki/List_of_towns_in_England
Framlingham,England,https://en.wikipedia.org/wiki/List_of_towns_in_England
Frinton and Walton,England,https://en.wikipedia.org/wiki/List_of_towns_in_England
Frodsham,England,https://en.wikipedia.org/wiki/List_of_towns_in_England
Frome,England,https://en.wikipedia.org/wiki/List_of_towns_in_England
Gainsborough,England,https://en.wikipedia.org/wiki/List_of_towns_in_England
Garstang,England,https://en.wikipedia.org/wiki/List_of_towns_in_England
Gateshead,England,https://en.wikipedia.org/wiki/List_of_towns_in_England
Gerrards Cross,England,https://en.wikipedia.org/wiki/List_of_towns_in_England
Gillingham,England,https://en.wikipedia.org/wiki/List_of_towns_in_England
Glastonbury,England,https://en.wikipedia.org/wiki/List_of_towns_in_England
Glossop,England,https://en.wikipedia.org/wiki/List_of_towns_in_England
Godalming,England,https://en.wikipedia.org/wiki/List_of_towns_in_England
Godmanchester,England,https://en.wikipedia.org/wiki/List_of_towns_in_England
Goole,England,https://en.wikipedia.org/wiki/List_of_towns_in_England
Gorleston-on-Sea,England,https://en.wikipedia.org/wiki/List_of_towns_in_England
Gosport,England,https://en.wikipedia.org/wiki/List_of_towns_in_England
Grange-over-Sands,England,https://en.wikipedia.org/wiki/List_of_towns_in_England
Grantham,England,https://en.wikipedia.org/wiki/List_of_towns_in_England
Grassington,England,https://en.wikipedia.org/wiki/List_of_towns_in_England
Gravesend,England,https://en.wikipedia.org/wiki/List_of_towns_in_England
Grays,England,https://en.wikipedia.org/wiki/List_of_towns_in_England
Great Dunmow,England,https://en.wikipedia.org/wiki/List_of_towns_in_England
Great Torrington,England,https://en.wikipedia.org/wiki/List_of_towns_in_England
Great Yarmouth,England,https://en.wikipedia.org/wiki/List_of_towns_in_England
Grimsby,England,https://en.wikipedia.org/wiki/List_of_towns_in_England
Guildford,England,https://en.wikipedia.org/wiki/List_of_towns_in_England
Guisborough,England,https://en.wikipedia.org/wiki/List_of_towns_in_England
Hadleigh,England,https://en.wikipedia.org/wiki/List_of_towns_in_England
Hailsham,England,https://en.wikipedia.org/wiki/List_of_towns_in_England
Halesowen,England,https://en.wikipedia.org/wiki/List_of_towns_in_England
Halesworth,England,https://en.wikipedia.org/wiki/List_of_towns_in_England
Halewood,England,https://en.wikipedia.org/wiki/List_of_towns_in_England
Halifax,England,https://en.wikipedia.org/wiki/List_of_towns_in_England
Halstead,England,https://en.wikipedia.org/wiki/List_of_towns_in_England
Haltwhistle,England,https://en.wikipedia.org/wiki/List_of_towns_in_England
Harleston,England,https://en.wikipedia.org/wiki/List_of_towns_in_England
Harlow,England,https://en.wikipedia.org/wiki/List_of_towns_in_England
Harpenden,England,https://en.wikipedia.org/wiki/List_of_towns_in_England
Harrogate,England,https://en.wikipedia.org/wiki/List_of_towns_in_England
Harrow,England,https://en.wikipedia.org/wiki/List_of_towns_in_England
Hartlepool,England,https://en.wikipedia.org/wiki/List_of_towns_in_England
Harwich,England,https://en.wikipedia.org/wiki/List_of_towns_in_England
Harworth and Bircotes,England,https://en.wikipedia.org/wiki/List_of_towns_in_England
Haslemere,England,https://en.wikipedia.org/wiki/List_of_towns_in_England
Haslingden,England,https://en.wikipedia.org/wiki/List_of_towns_in_England
Hastings,England,https://en.wikipedia.org/wiki/List_of_towns_in_England
Hatfield,England,https://en.wikipedia.org/wiki/List_of_towns_in_England
Hatherleigh,England,https://en.wikipedia.org/wiki/List_of_towns_in_England
Havant,England,https://en.wikipedia.org/wiki/List_of_towns_in_England
Haverhill,England,https://en.wikipedia.org/wiki/List_of_towns_in_England
Hawkinge,England,https://en.wikipedia.org/wiki/List_of_towns_in_England
Haxby,England,https://en.wikipedia.org/wiki/List_of_towns_in_England
Hawes,England,https://en.wikipedia.org/wiki/List_of_towns_in_England
Hayle,England,https://en.wikipedia.org/wiki/List_of_towns_in_England
Haywards Heath,England,https://en.wikipedia.org/wiki/List_of_towns_in_England
Heanor and Loscoe,England,https://en.wikipedia.org/wiki/List_of_towns_in_England
Heathfield,England,https://en.wikipedia.org/wiki/List_of_towns_in_England
Hebden Royd,England,https://en.wikipedia.org/wiki/List_of_towns_in_England
Hedge End,England,https://en.wikipedia.org/wiki/List_of_towns_in_England
Hednesford,England,https://en.wikipedia.org/wiki/List_of_towns_in_England
Hedon,England,https://en.wikipedia.org/wiki/List_of_towns_in_England
Helmsley,England,https://en.wikipedia.org/wiki/List_of_towns_in_England
Helston,England,https://en.wikipedia.org/wiki/List_of_towns_in_England
Hemel Hempstead,England,https://en.wikipedia.org/wiki/List_of_towns_in_England
Hemsworth,England,https://en.wikipedia.org/wiki/List_of_towns_in_England
Hendon,England,https://en.wikipedia.org/wiki/List_of_towns_in_England
Henley-in-Arden,England,https://en.wikipedia.org/wiki/List_of_towns_in_England
Henley-on-Thames,England,https://en.wikipedia.org/wiki/List_of_towns_in_England
Hertford,England,https://en.wikipedia.org/wiki/List_of_towns_in_England
Hessle,England,https://en.wikipedia.org/wiki/List_of_towns_in_England
Hetton,England,https://en.wikipedia.org/wiki/List_of_towns_in_England
Hexham,England,https://en.wikipedia.org/wiki/List_of_towns_in_England
Heywood,England,https://en.wikipedia.org/wiki/List_of_towns_in_England
Higham Ferrers,England,https://en.wikipedia.org/wiki/List_of_towns_in_England
Highbridge,England,https://en.wikipedia.org/wiki/List_of_towns_in_England
Highworth,England,https://en.wikipedia.org/wiki/List_of_towns_in_England
High Wycombe,England,https://en.wikipedia.org/wiki/List_of_towns_in_England
Hinckley,England,https://en.wikipedia.org/wiki/List_of_towns_in_England
Hingham,England,https://en.wikipedia.org/wiki/List_of_towns_in_England
Hitchin,England,https://en.wikipedia.org/wiki/List_of_towns_in_England
Hoddesdon,England,https://en.wikipedia.org/wiki/List_of_towns_in_England
Holbeach,England,https://en.wikipedia.org/wiki/List_of_towns_in_England
Holsworthy,England,https://en.wikipedia.org/wiki/List_of_towns_in_England
Holt,England,https://en.wikipedia.org/wiki/List_of_towns_in_England
Honiton,England,https://en.wikipedia.org/wiki/List_of_towns_in_England
Horley,England,https://en.wikipedia.org/wiki/List_of_towns_in_England
Horncastle,England,https://en.wikipedia.org/wiki/List_of_towns_in_England
Hornsea,England,https://en.wikipedia.org/wiki/List_of_towns_in_England
Hornsey,England,https://en.wikipedia.org/wiki/List_of_towns_in_England
Horsforth,England,https://en.wikipedia.org/wiki/List_of_towns_in_England
Horsham,England,https://en.wikipedia.org/wiki/List_of_towns_in_England
Horwich,England,https://en.wikipedia.org/wiki/List_of_towns_in_England
Houghton Regis,England,https://en.wikipedia.org/wiki/List_of_towns_in_England
Hounslow,England,https://en.wikipedia.org/wiki/List_of_towns_in_England
Howden,England,https://en.wikipedia.org/wiki/List_of_towns_in_England
Huddersfield,England,https://en.wikipedia.org/wiki/List_of_towns_in_England
Hungerford,England,https://en.wikipedia.org/wiki/List_of_towns_in_England
Hunstanton,England,https://en.wikipedia.org/wiki/List_of_towns_in_England
Huntingdon,England,https://en.wikipedia.org/wiki/List_of_towns_in_England
Hyde,England,https://en.wikipedia.org/wiki/List_of_towns_in_England
Hythe,England,https://en.wikipedia.org/wiki/List_of_towns_in_England
Ilford,England,https://en.wikipedia.org/wiki/List_of_towns_in_England
Ilfracombe,England,https://en.wikipedia.org/wiki/List_of_towns_in_England
Ilkeston,England,https://en.wikipedia.org/wiki/List_of_towns_in_England
Ilkley,England,https://en.wikipedia.org/wiki/List_of_towns_in_England
Ilminster,England,https://en.wikipedia.org/wiki/List_of_towns_in_England
Immingham,England,https://en.wikipedia.org/wiki/List_of_towns_in_England
Ingleby Barwick,England,https://en.wikipedia.org/wiki/List_of_towns_in_England
Ipswich,England,https://en.wikipedia.org/wiki/List_of_towns_in_England
Irthlingborough,England,https://en.wikipedia.org/wiki/List_of_towns_in_England
Isleworth,England,https://en.wikipedia.org/wiki/List_of_towns_in_England
Ivinghoe,England,https://en.wikipedia.org/wiki/List_of_towns_in_England
Ivybridge,England,https://en.wikipedia.org/wiki/List_of_towns_in_England
Jarrow,England,https://en.wikipedia.org/wiki/List_of_towns_in_England
Keighley,England,https://en.wikipedia.org/wiki/List_of_towns_in_England
Kempston,England,https://en.wikipedia.org/wiki/List_of_towns_in_England
Kendal,England,https://en.wikipedia.org/wiki/List_of_towns_in_England
Kenilworth,England,https://en.wikipedia.org/wiki/List_of_towns_in_England
Kesgrave,England,https://en.wikipedia.org/wiki/List_of_towns_in_England
Keswick,England,https://en.wikipedia.org/wiki/List_of_towns_in_England
Kettering,England,https://en.wikipedia.org/wiki/List_of_towns_in_England
Keynsham,England,https://en.wikipedia.org/wiki/List_of_towns_in_England
Kidderminster,England,https://en.wikipedia.org/wiki/List_of_towns_in_England
Kidsgrove,England,https://en.wikipedia.org/wiki/List_of_towns_in_England
Kimberley,England,https://en.wikipedia.org/wiki/List_of_towns_in_England
King's Lynn,England,https://en.wikipedia.org/wiki/List_of_towns_in_England
Kingsbridge,England,https://en.wikipedia.org/wiki/List_of_towns_in_England
Kingsteignton,England,https://en.wikipedia.org/wiki/List_of_towns_in_England
Kingston-upon-Thames,England,https://en.wikipedia.org/wiki/List_of_towns_in_England
Kington,England,https://en.wikipedia.org/wiki/List_of_towns_in_England
Kirkby-in-Ashfield,England,https://en.wikipedia.org/wiki/List_of_towns_in_England
Kirkby Lonsdale,England,https://en.wikipedia.org/wiki/List_of_towns_in_England
Kirkby Stephen,England,https://en.wikipedia.org/wiki/List_of_towns_in_England
Kirkbymoorside,England,https://en.wikipedia.org/wiki/List_of_towns_in_England
Kirkham,England,https://en.wikipedia.org/wiki/List_of_towns_in_England
Kirton-in-Lindsey,England,https://en.wikipedia.org/wiki/List_of_towns_in_England
Knaresborough,England,https://en.wikipedia.org/wiki/List_of_towns_in_England
Knutsford,England,https://en.wikipedia.org/wiki/List_of_towns_in_England
Langport,England,https://en.wikipedia.org/wiki/List_of_towns_in_England
Launceston,England,https://en.wikipedia.org/wiki/List_of_towns_in_England
Leatherhead,England,https://en.wikipedia.org/wiki/List_of_towns_in_England
Lechlade,England,https://en.wikipedia.org/wiki/List_of_towns_in_England
Ledbury,England,https://en.wikipedia.org/wiki/List_of_towns_in_England
Leek,England,https://en.wikipedia.org/wiki/List_of_towns_in_England
Leigh,England,https://en.wikipedia.org/wiki/List_of_towns_in_England
Leighton-Linslade,England,https://en.wikipedia.org/wiki/List_of_towns_in_England
Leigh-on-Sea,England,https://en.wikipedia.org/wiki/List_of_towns_in_England
Leiston,England,https://en.wikipedia.org/wiki/List_of_towns_in_England
Leominster,England,https://en.wikipedia.org/wiki/List_of_towns_in_England
Letchworth Garden City,England,https://en.wikipedia.org/wiki/List_of_towns_in_England
Lewes,England,https://en.wikipedia.org/wiki/List_of_towns_in_England
Leyburn,England,https://en.wikipedia.org/wiki/List_of_towns_in_England
Leyland,England,https://en.wikipedia.org/wiki/List_of_towns_in_England
Leyton,England,https://en.wikipedia.org/wiki/List_of_towns_in_England
Liskeard,England,https://en.wikipedia.org/wiki/List_of_towns_in_England
Littlehampton,England,https://en.wikipedia.org/wiki/List_of_towns_in_England
Loddon,England,https://en.wikipedia.org/wiki/List_of_towns_in_England
Loftus,England,https://en.wikipedia.org/wiki/List_of_towns_in_England
Long Sutton,England,https://en.wikipedia.org/wiki/List_of_towns_in_England
Longridge,England,https://en.wikipedia.org/wiki/List_of_towns_in_England
Longton,England,https://en.wikipedia.org/wiki/List_of_towns_in_England
Longtown,England,https://en.wikipedia.org/wiki/List_of_towns_in_England
Looe,England,https://en.wikipedia.org/wiki/List_of_towns_in_England
Lostwithiel,England,https://en.wikipedia.org/wiki/List_of_towns_in_England
Loughborough,England,https://en.wikipedia.org/wiki/List_of_towns_in_England
Loughton,England,https://en.wikipedia.org/wiki/List_of_towns_in_England
Louth,England,https://en.wikipedia.org/wiki/List_of_towns_in_England
Lowestoft,England,https://en.wikipedia.org/wiki/List_of_towns_in_England
Ludgershall,England,https://en.wikipedia.org/wiki/List_of_towns_in_England
Ludlow,England,https://en.wikipedia.org/wiki/List_of_towns_in_England
Luton,England,https://en.wikipedia.org/wiki/List_of_towns_in_England
Lutterworth,England,https://en.wikipedia.org/wiki/List_of_towns_in_England
Lydd,England,https://en.wikipedia.org/wiki/List_of_towns_in_England
Lydney,England,https://en.wikipedia.org/wiki/List_of_towns_in_England
Lyme Regis,England,https://en.wikipedia.org/wiki/List_of_towns_in_England
Lymington,England,https://en.wikipedia.org/wiki/List_of_towns_in_England
Lynton & Lynmouth,England,https://en.wikipedia.org/wiki/List_of_towns_in_England
Lytham St Annes,England,https://en.wikipedia.org/wiki/List_of_towns_in_England
Mablethorpe and Sutton,England,https://en.wikipedia.org/wiki/List_of_towns_in_England
Macclesfield,England,https://en.wikipedia.org/wiki/List_of_towns_in_England
Madeley,England,https://en.wikipedia.org/wiki/List_of_towns_in_England
Maghull,England,https://en.wikipedia.org/wiki/List_of_towns_in_England
Maidenhead,England,https://en.wikipedia.org/wiki/List_of_towns_in_England
Maidstone,England,https://en.wikipedia.org/wiki/List_of_towns_in_England
Maldon,England,https://en.wikipedia.org/wiki/List_of_towns_in_England
Malmesbury,England,https://en.wikipedia.org/wiki/List_of_towns_in_England
Maltby,England,https://en.wikipedia.org/wiki/List_of_towns_in_England
Malton,England,https://en.wikipedia.org/wiki/List_of_towns_in_England
Malvern,England,https://en.wikipedia.org/wiki/List_of_towns_in_England
Manningtree,England,https://en.wikipedia.org/wiki/List_of_towns_in_England
Mansfield,England,https://en.wikipedia.org/wiki/List_of_towns_in_England
Marazion,England,https://en.wikipedia.org/wiki/List_of_towns_in_England
March,England,https://en.wikipedia.org/wiki/List_of_towns_in_England
Margate,England,https://en.wikipedia.org/wiki/List_of_towns_in_England
Market Bosworth,England,https://en.wikipedia.org/wiki/List_of_towns_in_England
Market Deeping,England,https://en.wikipedia.org/wiki/List_of_towns_in_England
Market Drayton,England,https://en.wikipedia.org/wiki/List_of_towns_in_England
Market Harborough,England,https://en.wikipedia.org/wiki/List_of_towns_in_England
Market Rasen,England,https://en.wikipedia.org/wiki/List_of_towns_in_England
Market Weighton,England,https://en.wikipedia.org/wiki/List_of_towns_in_England
Marlborough,England,https://en.wikipedia.org/wiki/List_of_towns_in_England
Marlow,England,https://en.wikipedia.org/wiki/List_of_towns_in_England
Maryport,England,https://en.wikipedia.org/wiki/List_of_towns_in_England
Masham,England,https://en.wikipedia.org/wiki/List_of_towns_in_England
Matlock,England,https://en.wikipedia.org/wiki/List_of_towns_in_England
Medlar-with-Wesham,England,https://en.wikipedia.org/wiki/List_of_towns_in_England
Melksham,England,https://en.wikipedia.org/wiki/List_of_towns_in_England
Meltham,England,https://en.wikipedia.org/wiki/List_of_towns_in_England
Melton Mowbray,England,https://en.wikipedia.org/wiki/List_of_towns_in_England
Mere,England,https://en.wikipedia.org/wiki/List_of_towns_in_England
Mexborough,England,https://en.wikipedia.org/wiki/List_of_towns_in_England
Middleham,England,https://en.wikipedia.org/wiki/List_of_towns_in_England
Middlesbrough,England,https://en.wikipedia.org/wiki/List_of_towns_in_England
Middleton,England,https://en.wikipedia.org/wiki/List_of_towns_in_England
Middlewich,England,https://en.wikipedia.org/wiki/List_of_towns_in_England
Midhurst,England,https://en.wikipedia.org/wiki/List_of_towns_in_England
Midsomer Norton,England,https://en.wikipedia.org/wiki/List_of_towns_in_England
Mildenhall,England,https://en.wikipedia.org/wiki/List_of_towns_in_England
Millom,England,https://en.wikipedia.org/wiki/List_of_towns_in_England
Minchinhampton,England,https://en.wikipedia.org/wiki/List_of_towns_in_England
Minehead,England,https://en.wikipedia.org/wiki/List_of_towns_in_England
Minster,England,https://en.wikipedia.org/wiki/List_of_towns_in_England
Mirfield,England,https://en.wikipedia.org/wiki/List_of_towns_in_England
Mitcham,England,https://en.wikipedia.org/wiki/List_of_towns_in_England
Mitcheldean,England,https://en.wikipedia.org/wiki/List_of_towns_in_England
Modbury,England,https://en.wikipedia.org/wiki/List_of_towns_in_England
Morecambe,England,https://en.wikipedia.org/wiki/List_of_towns_in_England
Moretonhampstead,England,https://en.wikipedia.org/wiki/List_of_towns_in_England
Moreton-in-Marsh,England,https://en.wikipedia.org/wiki/List_of_towns_in_England
Morley,England,https://en.wikipedia.org/wiki/List_of_towns_in_England
Morpeth,England,https://en.wikipedia.org/wiki/List_of_towns_in_England
Mossley,England,https://en.wikipedia.org/wiki/List_of_towns_in_England
Much Wenlock,England,https://en.wikipedia.org/wiki/List_of_towns_in_England
Nailsea,England,https://en.wikipedia.org/wiki/List_of_towns_in_England
Nailsworth,England,https://en.wikipedia.org/wiki/List_of_towns_in_England
Nantwich,England,https://en.wikipedia.org/wiki/List_of_towns_in_England
Needham Market,England,https://en.wikipedia.org/wiki/List_of_towns_in_England
Nelson,England,https://en.wikipedia.org/wiki/List_of_towns_in_England
Neston,England,https://en.wikipedia.org/wiki/List_of_towns_in_England
New Alresford,England,https://en.wikipedia.org/wiki/List_of_towns_in_England
New Malden,England,https://en.wikipedia.org/wiki/List_of_towns_in_England
New Mills,England,https://en.wikipedia.org/wiki/List_of_towns_in_England
New Milton,England,https://en.wikipedia.org/wiki/List_of_towns_in_England
New Romney,England,https://en.wikipedia.org/wiki/List_of_towns_in_England
Newark-on-Trent,England,https://en.wikipedia.org/wiki/List_of_towns_in_England
Newbiggin-by-the-Sea,England,https://en.wikipedia.org/wiki/List_of_towns_in_England
Newbury,England,https://en.wikipedia.org/wiki/List_of_towns_in_England
Newcastle-under-Lyme,England,https://en.wikipedia.org/wiki/List_of_towns_in_England
Newent,England,https://en.wikipedia.org/wiki/List_of_towns_in_England
Newhaven,England,https://en.wikipedia.org/wiki/List_of_towns_in_England
Newlyn,England,https://en.wikipedia.org/wiki/List_of_towns_in_England
Newmarket,England,https://en.wikipedia.org/wiki/List_of_towns_in_England
Newport,England,https://en.wikipedia.org/wiki/List_of_towns_in_England
Newport Pagnell,England,https://en.wikipedia.org/wiki/List_of_towns_in_England
Newquay,England,https://en.wikipedia.org/wiki/List_of_towns_in_England
Newton Abbot,England,https://en.wikipedia.org/wiki/List_of_towns_in_England
Newton Aycliffe,England,https://en.wikipedia.org/wiki/List_of_towns_in_England
Newton-le-Willows,England,https://en.wikipedia.org/wiki/List_of_towns_in_England
Normanton,England,https://en.wikipedia.org/wiki/List_of_towns_in_England
North Hykeham,England,https://en.wikipedia.org/wiki/List_of_towns_in_England
North Petherton,England,https://en.wikipedia.org/wiki/List_of_towns_in_England
North Tawton,England,https://en.wikipedia.org/wiki/List_of_towns_in_England
North Walsham,England,https://en.wikipedia.org/wiki/List_of_towns_in_England
Northallerton,England,https://en.wikipedia.org/wiki/List_of_towns_in_England
Northam,England,https://en.wikipedia.org/wiki/List_of_towns_in_England
Northampton,England,https://en.wikipedia.org/wiki/List_of_towns_in_England
Northfleet,England,https://en.wikipedia.org/wiki/List_of_towns_in_England
Northleach with Eastington,England,https://en.wikipedia.org/wiki/List_of_towns_in_England
Northwich,England,https://en.wikipedia.org/wiki/List_of_towns_in_England
Norton-on-Derwent,England,https://en.wikipedia.org/wiki/List_of_towns_in_England
Nuneaton,England,https://en.wikipedia.org/wiki/List_of_towns_in_England
Oadby,England,https://en.wikipedia.org/wiki/List_of_towns_in_England
Oakengates,England,https://en.wikipedia.org/wiki/List_of_towns_in_England
Oakham,England,https://en.wikipedia.org/wiki/List_of_towns_in_England
Okehampton,England,https://en.wikipedia.org/wiki/List_of_towns_in_England
Oldbury,England,https://en.wikipedia.org/wiki/List_of_towns_in_England
Oldham,England,https://en.wikipedia.org/wiki/List_of_towns_in_England
Ollerton and Boughton,England,https://en.wikipedia.org/wiki/List_of_towns_in_England
Olney,England,https://en.wikipedia.org/wiki/List_of_towns_in_England
Ongar,England,https://en.wikipedia.org/wiki/List_of_towns_in_England
Orford,England,https://en.wikipedia.org/wiki/List_of_towns_in_England
Ormskirk,England,https://en.wikipedia.org/wiki/List_of_towns_in_England
Orpington,England,https://en.wikipedia.org/wiki/List_of_towns_in_England
Ossett,England,https://en.wikipedia.org/wiki/List_of_towns_in_England
Oswestry,England,https://en.wikipedia.org/wiki/List_of_towns_in_England
Otley,England,https://en.wikipedia.org/wiki/List_of_towns_in_England
Ottery St Mary,England,https://en.wikipedia.org/wiki/List_of_towns_in_England
Oundle,England,https://en.wikipedia.org/wiki/List_of_towns_in_England
Paddock Wood,England,https://en.wikipedia.org/wiki/List_of_towns_in_England
Padiham,England,https://en.wikipedia.org/wiki/List_of_towns_in_England
Padstow,England,https://en.wikipedia.org/wiki/List_of_towns_in_England
Paignton,England,https://en.wikipedia.org/wiki/List_of_towns_in_England
Painswick,England,https://en.wikipedia.org/wiki/List_of_towns_in_England
Partington,England,https://en.wikipedia.org/wiki/List_of_towns_in_England
Patchway,England,https://en.wikipedia.org/wiki/List_of_towns_in_England
Pateley Bridge,England,https://en.wikipedia.org/wiki/List_of_towns_in_England
Peacehaven,England,https://en.wikipedia.org/wiki/List_of_towns_in_England
Penistone,England,https://en.wikipedia.org/wiki/List_of_towns_in_England
Penkridge,England,https://en.wikipedia.org/wiki/List_of_towns_in_England
Penrith,England,https://en.wikipedia.org/wiki/List_of_towns_in_England
Penryn,England,https://en.wikipedia.org/wiki/List_of_towns_in_England
Penwortham,England,https://en.wikipedia.org/wiki/List_of_towns_in_England
Penzance,England,https://en.wikipedia.org/wiki/List_of_towns_in_England
Pershore,England,https://en.wikipedia.org/wiki/List_of_towns_in_England
Peterlee,England,https://en.wikipedia.org/wiki/List_of_towns_in_England
Petersfield,England,https://en.wikipedia.org/wiki/List_of_towns_in_England
Petworth,England,https://en.wikipedia.org/wiki/List_of_towns_in_England
Pickering,England,https://en.wikipedia.org/wiki/List_of_towns_in_England
Plympton,England,https://en.wikipedia.org/wiki/List_of_towns_in_England
Pocklington,England,https://en.wikipedia.org/wiki/List_of_towns_in_England
Polegate,England,https://en.wikipedia.org/wiki/List_of_towns_in_England
Pontefract,England,https://en.wikipedia.org/wiki/List_of_towns_in_England
Ponteland,England,https://en.wikipedia.org/wiki/List_of_towns_in_England
Poole,England,https://en.wikipedia.org/wiki/List_of_towns_in_England
Porthleven,England,https://en.wikipedia.org/wiki/List_of_towns_in_England
Portishead,England,https://en.wikipedia.org/wiki/List_of_towns_in_England
Portland,England,https://en.wikipedia.org/wiki/List_of_towns_in_England
Potton,England,https://en.wikipedia.org/wiki/List_of_towns_in_England
Poynton-with-Worth,England,https://en.wikipedia.org/wiki/List_of_towns_in_England
Preesall,England,https://en.wikipedia.org/wiki/List_of_towns_in_England
Prescot,England,https://en.wikipedia.org/wiki/List_of_towns_in_England
Princes Risborough,England,https://en.wikipedia.org/wiki/List_of_towns_in_England
Prudhoe,England,https://en.wikipedia.org/wiki/List_of_towns_in_England
Pudsey,England,https://en.wikipedia.org/wiki/List_of_towns_in_England
Purley,England,https://en.wikipedia.org/wiki/List_of_towns_in_England
Quedgeley,England,https://en.wikipedia.org/wiki/List_of_towns_in_England
Queenborough-in-Sheppey,England,https://en.wikipedia.org/wiki/List_of_towns_in_England
Radstock,England,https://en.wikipedia.org/wiki/List_of_towns_in_England
Ramsey,England,https://en.wikipedia.org/wiki/List_of_towns_in_England
Ramsgate,England,https://en.wikipedia.org/wiki/List_of_towns_in_England
Raunds,England,https://en.wikipedia.org/wiki/List_of_towns_in_England
Rawtenstall,England,https://en.wikipedia.org/wiki/List_of_towns_in_England
Rayleigh,England,https://en.wikipedia.org/wiki/List_of_towns_in_England
Reading,England,https://en.wikipedia.org/wiki/List_of_towns_in_England
Redcar,England,https://en.wikipedia.org/wiki/List_of_towns_in_England
Redditch,England,https://en.wikipedia.org/wiki/List_of_towns_in_England
Redhill,England,https://en.wikipedia.org/wiki/List_of_towns_in_England
Redruth,England,https://en.wikipedia.org/wiki/List_of_towns_in_England
Reepham,England,https://en.wikipedia.org/wiki/List_of_towns_in_England
Reigate,England,https://en.wikipedia.org/wiki/List_of_towns_in_England
Retford,England,https://en.wikipedia.org/wiki/List_of_towns_in_England
Richmond,England,https://en.wikipedia.org/wiki/List_of_towns_in_England
Ringwood,England,https://en.wikipedia.org/wiki/List_of_towns_in_England
Ripley,England,https://en.wikipedia.org/wiki/List_of_towns_in_England
Rochdale,England,https://en.wikipedia.org/wiki/List_of_towns_in_England
Rochester,England,https://en.wikipedia.org/wiki/List_of_towns_in_England
Rochford,England,https://en.wikipedia.org/wiki/List_of_towns_in_England
Romford,England,https://en.wikipedia.org/wiki/List_of_towns_in_England
Romsey,England,https://en.wikipedia.org/wiki/List_of_towns_in_England
Ross-on-Wye,England,https://en.wikipedia.org/wiki/List_of_towns_in_England
Rothbury,England,https://en.wikipedia.org/wiki/List_of_towns_in_England
Rotherham,England,https://en.wikipedia.org/wiki/List_of_towns_in_England
Rothwell,England,https://en.wikipedia.org/wiki/List_of_towns_in_England
Rowley Regis,England,https://en.wikipedia.org/wiki/List_of_towns_in_England
Royal Leamington Spa,England,https://en.wikipedia.org/wiki/List_of_towns_in_England
Royal Tunbridge Wells,England,https://en.wikipedia.org/wiki/List_of_towns_in_England
Royal Wootton Bassett,England,https://en.wikipedia.org/wiki/List_of_towns_in_England
Royston,England,https://en.wikipedia.org/wiki/List_of_towns_in_England
Rugby,England,https://en.wikipedia.org/wiki/List_of_towns_in_England
Rugeley,England,https://en.wikipedia.org/wiki/List_of_towns_in_England
Runcorn,England,https://en.wikipedia.org/wiki/List_of_towns_in_England
Rushden,England,https://en.wikipedia.org/wiki/List_of_towns_in_England
Ryde,England,https://en.wikipedia.org/wiki/List_of_towns_in_England
Rye,England,https://en.wikipedia.org/wiki/List_of_towns_in_England
Saffron Walden,England,https://en.wikipedia.org/wiki/List_of_towns_in_England
St Austell,England,https://en.wikipedia.org/wiki/List_of_towns_in_England
St Blaise,England,https://en.wikipedia.org/wiki/List_of_towns_in_England
St Columb Major,England,https://en.wikipedia.org/wiki/List_of_towns_in_England
St Helens,England,https://en.wikipedia.org/wiki/List_of_towns_in_England
St Ives,England,https://en.wikipedia.org/wiki/List_of_towns_in_England
St Just-in-Penwith,England,https://en.wikipedia.org/wiki/List_of_towns_in_England
St Mary Cray,England,https://en.wikipedia.org/wiki/List_of_towns_in_England
St Mawes,England,https://en.wikipedia.org/wiki/List_of_towns_in_England
St Neots,England,https://en.wikipedia.org/wiki/List_of_towns_in_England
Salcombe,England,https://en.wikipedia.org/wiki/List_of_towns_in_England
Sale,England,https://en.wikipedia.org/wiki/List_of_towns_in_England
Saltash,England,https://en.wikipedia.org/wiki/List_of_towns_in_England
Saltburn-By-The-Sea,England,https://en.wikipedia.org/wiki/List_of_towns_in_England
Sandbach,England,https://en.wikipedia.org/wiki/List_of_towns_in_England
Sandhurst,England,https://en.wikipedia.org/wiki/List_of_towns_in_England
Sandiacre,England,https://en.wikipedia.org/wiki/List_of_towns_in_England
Sandown,England,https://en.wikipedia.org/wiki/List_of_towns_in_England
Sandwich,England,https://en.wikipedia.org/wiki/List_of_towns_in_England
Sandy,England,https://en.wikipedia.org/wiki/List_of_towns_in_England
Sawbridgeworth,England,https://en.wikipedia.org/wiki/List_of_towns_in_England
Saxmundham,England,https://en.wikipedia.org/wiki/List_of_towns_in_England
Scarborough,England,https://en.wikipedia.org/wiki/List_of_towns_in_England
Scunthorpe,England,https://en.wikipedia.org/wiki/List_of_towns_in_England
Seaford,England,https://en.wikipedia.org/wiki/List_of_towns_in_England
Seaham,England,https://en.wikipedia.org/wiki/List_of_towns_in_England
Seaton,England,https://en.wikipedia.org/wiki/List_of_towns_in_England
Sedbergh,England,https://en.wikipedia.org/wiki/List_of_towns_in_England
Sedgefield,England,https://en.wikipedia.org/wiki/List_of_towns_in_England
Selby,England,https://en.wikipedia.org/wiki/List_of_towns_in_England
Selsey,England,https://en.wikipedia.org/wiki/List_of_towns_in_England
Settle,England,https://en.wikipedia.org/wiki/List_of_towns_in_England
Sevenoaks,England,https://en.wikipedia.org/wiki/List_of_towns_in_England
Shaftesbury,England,https://en.wikipedia.org/wiki/List_of_towns_in_England
Shanklin,England,https://en.wikipedia.org/wiki/List_of_towns_in_England
Shefford,England,https://en.wikipedia.org/wiki/List_of_towns_in_England
Shepshed,England,https://en.wikipedia.org/wiki/List_of_towns_in_England
Shepton Mallet,England,https://en.wikipedia.org/wiki/List_of_towns_in_England
Sherborne,England,https://en.wikipedia.org/wiki/List_of_towns_in_England
Sheringham,England,https://en.wikipedia.org/wiki/List_of_towns_in_England
Shifnal,England,https://en.wikipedia.org/wiki/List_of_towns_in_England
Shildon,England,https://en.wikipedia.org/wiki/List_of_towns_in_England
Shipston-on-Stour,England,https://en.wikipedia.org/wiki/List_of_towns_in_England
Shirebrook,England,https://en.wikipedia.org/wiki/List_of_towns_in_England
Shoreham-by-Sea,England,https://en.wikipedia.org/wiki/List_of_towns_in_England
Shrewsbury,England,https://en.wikipedia.org/wiki/List_of_towns_in_England
Sidmouth,England,https://en.wikipedia.org/wiki/List_of_towns_in_England
Silloth,England,https://en.wikipedia.org/wiki/List_of_towns_in_England
Silsden,England,https://en.wikipedia.org/wiki/List_of_towns_in_England
Sittingbourne,England,https://en.wikipedia.org/wiki/List_of_towns_in_England
Skegness,England,https://en.wikipedia.org/wiki/List_of_towns_in_England
Skelmersdale,England,https://en.wikipedia.org/wiki/List_of_towns_in_England
Skelton-in-Cleveland,England,https://en.wikipedia.org/wiki/List_of_towns_in_England
Skipton,England,https://en.wikipedia.org/wiki/List_of_towns_in_England
Sleaford,England,https://en.wikipedia.org/wiki/List_of_towns_in_England
Slough,England,https://en.wikipedia.org/wiki/List_of_towns_in_England
Smethwick,England,https://en.wikipedia.org/wiki/List_of_towns_in_England
Snaith and Cowick,England,https://en.wikipedia.org/wiki/List_of_towns_in_England
Snodland,England,https://en.wikipedia.org/wiki/List_of_towns_in_England
Soham,England,https://en.wikipedia.org/wiki/List_of_towns_in_England
Solihull,England,https://en.wikipedia.org/wiki/List_of_towns_in_England
Somerton,England,https://en.wikipedia.org/wiki/List_of_towns_in_England
South Brent,England,https://en.wikipedia.org/wiki/List_of_towns_in_England
South Cave,England,https://en.wikipedia.org/wiki/List_of_towns_in_England
South Elmsall,England,https://en.wikipedia.org/wiki/List_of_towns_in_England
South Kirkby and Moorthorpe,England,https://en.wikipedia.org/wiki/List_of_towns_in_England
South Molton,England,https://en.wikipedia.org/wiki/List_of_towns_in_England
South Shields,England,https://en.wikipedia.org/wiki/List_of_towns_in_England
South Woodham Ferrers,England,https://en.wikipedia.org/wiki/List_of_towns_in_England
Southam,England,https://en.wikipedia.org/wiki/List_of_towns_in_England
Southall,England,https://en.wikipedia.org/wiki/List_of_towns_in_England
Southborough,England,https://en.wikipedia.org/wiki/List_of_towns_in_England
Southgate,England,https://en.wikipedia.org/wiki/List_of_towns_in_England
Southminster,England,https://en.wikipedia.org/wiki/List_of_towns_in_England
Southport,England,https://en.wikipedia.org/wiki/List_of_towns_in_England
Southsea,England,https://en.wikipedia.org/wiki/List_of_towns_in_England
Southwell,England,https://en.wikipedia.org/wiki/List_of_towns_in_England
Southwick,England,https://en.wikipedia.org/wiki/List_of_towns_in_England
Southwold,England,https://en.wikipedia.org/wiki/List_of_towns_in_England
Spalding,England,https://en.wikipedia.org/wiki/List_of_towns_in_England
Spennymoor,England,https://en.wikipedia.org/wiki/List_of_towns_in_England
Spilsby,England,https://en.wikipedia.org/wiki/List_of_towns_in_England
Sprowston,England,https://en.wikipedia.org/wiki/List_of_towns_in_England
Stafford,England,https://en.wikipedia.org/wiki/List_of_towns_in_England
Staines-upon-Thames,England,https://en.wikipedia.org/wiki/List_of_towns_in_England
Stainforth,England,https://en.wikipedia.org/wiki/List_of_towns_in_England
Stalbridge,England,https://en.wikipedia.org/wiki/List_of_towns_in_England
Stalham,England,https://en.wikipedia.org/wiki/List_of_towns_in_England
Stalybridge,England,https://en.wikipedia.org/wiki/List_of_towns_in_England
Stamford,England,https://en.wikipedia.org/wiki/List_of_towns_in_England
Stanley,England,https://en.wikipedia.org/wiki/List_of_towns_in_England
Stanhope,England,https://en.wikipedia.org/wiki/List_of_towns_in_England
Stapleford,England,https://en.wikipedia.org/wiki/List_of_towns_in_England
Staveley,England,https://en.wikipedia.org/wiki/List_of_towns_in_England
Stevenage,England,https://en.wikipedia.org/wiki/List_of_towns_in_England
Steyning,England,https://en.wikipedia.org/wiki/List_of_towns_in_England
Stockport,England,https://en.wikipedia.org/wiki/List_of_towns_in_England
Stocksbridge,England,https://en.wikipedia.org/wiki/List_of_towns_in_England
Stockton-on-Tees,England,https://en.wikipedia.org/wiki/List_of_towns_in_England
Stoke-upon-Trent,England,https://en.wikipedia.org/wiki/List_of_towns_in_England
Stone,England,https://en.wikipedia.org/wiki/List_of_towns_in_England
Stonehouse,England,https://en.wikipedia.org/wiki/List_of_towns_in_England
Stony Stratford,England,https://en.wikipedia.org/wiki/List_of_towns_in_England
Stotfold,England,https://en.wikipedia.org/wiki/List_of_towns_in_England
Stourbridge,England,https://en.wikipedia.org/wiki/List_of_towns_in_England
Stourport-on-Severn,England,https://en.wikipedia.org/wiki/List_of_towns_in_England
Stowmarket,England,https://en.wikipedia.org/wiki/List_of_towns_in_England
Stow-on-the-Wold,England,https://en.wikipedia.org/wiki/List_of_towns_in_England
Stratford-upon-Avon,England,https://en.wikipedia.org/wiki/List_of_towns_in_England
Stretford,England,https://en.wikipedia.org/wiki/List_of_towns_in_England
Strood,England,https://en.wikipedia.org/wiki/List_of_towns_in_England
Stroud,England,https://en.wikipedia.org/wiki/List_of_towns_in_England
Sturminster Newton,England,https://en.wikipedia.org/wiki/List_of_towns_in_England
Sudbury,England,https://en.wikipedia.org/wiki/List_of_towns_in_England
Surbiton,England,https://en.wikipedia.org/wiki/List_of_towns_in_England
Sutton,England,https://en.wikipedia.org/wiki/List_of_towns_in_England
Sutton Coldfield,England,https://en.wikipedia.org/wiki/List_of_towns_in_England
Swaffham,England,https://en.wikipedia.org/wiki/List_of_towns_in_England
Swanage,England,https://en.wikipedia.org/wiki/List_of_towns_in_England
Swanley,England,https://en.wikipedia.org/wiki/List_of_towns_in_England
Swadlincote,England,https://en.wikipedia.org/wiki/List_of_towns_in_England
Swanscombe and Greenhithe,England,https://en.wikipedia.org/wiki/List_of_towns_in_England
Swindon,England,https://en.wikipedia.org/wiki/List_of_towns_in_England
Syston,England,https://en.wikipedia.org/wiki/List_of_towns_in_England
Tadcaster,England,https://en.wikipedia.org/wiki/List_of_towns_in_England
Tadley,England,https://en.wikipedia.org/wiki/List_of_towns_in_England
Tamworth,England,https://en.wikipedia.org/wiki/List_of_towns_in_England
Taunton,England,https://en.wikipedia.org/wiki/List_of_towns_in_England
Tavistock,England,https://en.wikipedia.org/wiki/List_of_towns_in_England
Teignmouth,England,https://en.wikipedia.org/wiki/List_of_towns_in_England
Telford,England,https://en.wikipedia.org/wiki/List_of_towns_in_England
Telscombe,England,https://en.wikipedia.org/wiki/List_of_towns_in_England
Tenbury Wells,England,https://en.wikipedia.org/wiki/List_of_towns_in_England
Tenterden,England,https://en.wikipedia.org/wiki/List_of_towns_in_England
Tetbury,England,https://en.wikipedia.org/wiki/List_of_towns_in_England
Tewkesbury,England,https://en.wikipedia.org/wiki/List_of_towns_in_England
Thame,England,https://en.wikipedia.org/wiki/List_of_towns_in_England
Thatcham,England,https://en.wikipedia.org/wiki/List_of_towns_in_England
Thaxted,England,https://en.wikipedia.org/wiki/List_of_towns_in_England
Thetford,England,https://en.wikipedia.org/wiki/List_of_towns_in_England
Thirsk,England,https://en.wikipedia.org/wiki/List_of_towns_in_England
Thornaby-on-Tees,England,https://en.wikipedia.org/wiki/List_of_towns_in_England
Thornbury,England,https://en.wikipedia.org/wiki/List_of_towns_in_England
Thorne,England,https://en.wikipedia.org/wiki/List_of_towns_in_England
Thorpe St Andrew,England,https://en.wikipedia.org/wiki/List_of_towns_in_England
Thrapston,England,https://en.wikipedia.org/wiki/List_of_towns_in_England
Tickhill,England,https://en.wikipedia.org/wiki/List_of_towns_in_England
Tidworth,England,https://en.wikipedia.org/wiki/List_of_towns_in_England
Tipton,England,https://en.wikipedia.org/wiki/List_of_towns_in_England
Tiverton,England,https://en.wikipedia.org/wiki/List_of_towns_in_England
Todmorden,England,https://en.wikipedia.org/wiki/List_of_towns_in_England
Tonbridge,England,https://en.wikipedia.org/wiki/List_of_towns_in_England
Topsham,England,https://en.wikipedia.org/wiki/List_of_towns_in_England
Torpoint,England,https://en.wikipedia.org/wiki/List_of_towns_in_England
Torquay,England,https://en.wikipedia.org/wiki/List_of_towns_in_England
Totnes,England,https://en.wikipedia.org/wiki/List_of_towns_in_England
Tottenham,England,https://en.wikipedia.org/wiki/List_of_towns_in_England
Totton and Eling,England,https://en.wikipedia.org/wiki/List_of_towns_in_England
Tow Law,England,https://en.wikipedia.org/wiki/List_of_towns_in_England
Towcester,England,https://en.wikipedia.org/wiki/List_of_towns_in_England
Tring,England,https://en.wikipedia.org/wiki/List_of_towns_in_England
Trowbridge,England,https://en.wikipedia.org/wiki/List_of_towns_in_England
Tunstall,England,https://en.wikipedia.org/wiki/List_of_towns_in_England
Twickenham,England,https://en.wikipedia.org/wiki/List_of_towns_in_England
Tynemouth,England,https://en.wikipedia.org/wiki/List_of_towns_in_England
Uckfield,England,https://en.wikipedia.org/wiki/List_of_towns_in_England
Ulverston,England,https://en.wikipedia.org/wiki/List_of_towns_in_England
Uppingham,England,https://en.wikipedia.org/wiki/List_of_towns_in_England
Upton,England,https://en.wikipedia.org/wiki/List_of_towns_in_England
Upton upon Severn,England,https://en.wikipedia.org/wiki/List_of_towns_in_England
Uttoxeter,England,https://en.wikipedia.org/wiki/List_of_towns_in_England
Uxbridge,England,https://en.wikipedia.org/wiki/List_of_towns_in_England
Ventnor,England,https://en.wikipedia.org/wiki/List_of_towns_in_England
Verwood,England,https://en.wikipedia.org/wiki/List_of_towns_in_England
Wadebridge,England,https://en.wikipedia.org/wiki/List_of_towns_in_England
Wadhurst,England,https://en.wikipedia.org/wiki/List_of_towns_in_England
Wainfleet All Saints,England,https://en.wikipedia.org/wiki/List_of_towns_in_England
Wallasey,England,https://en.wikipedia.org/wiki/List_of_towns_in_England
Wallingford,England,https://en.wikipedia.org/wiki/List_of_towns_in_England
Wallington,England,https://en.wikipedia.org/wiki/List_of_towns_in_England
Wallsend,England,https://en.wikipedia.org/wiki/List_of_towns_in_England
Walsall,England,https://en.wikipedia.org/wiki/List_of_towns_in_England
Waltham Abbey,England,https://en.wikipedia.org/wiki/List_of_towns_in_England
Waltham Cross,England,https://en.wikipedia.org/wiki/List_of_towns_in_England
Walthamstow,England,https://en.wikipedia.org/wiki/List_of_towns_in_England
Walton-on-Thames,England,https://en.wikipedia.org/wiki/List_of_towns_in_England
Wantage,England,https://en.wikipedia.org/wiki/List_of_towns_in_England
Ware,England,https://en.wikipedia.org/wiki/List_of_towns_in_England
Wareham,England,https://en.wikipedia.org/wiki/List_of_towns_in_England
Warminster,England,https://en.wikipedia.org/wiki/List_of_towns_in_England
Warrington,England,https://en.wikipedia.org/wiki/List_of_towns_in_England
Warwick,England,https://en.wikipedia.org/wiki/List_of_towns_in_England
Washington,England,https://en.wikipedia.org/wiki/List_of_towns_in_England
Watchet,England,https://en.wikipedia.org/wiki/List_of_towns_in_England
Watford,England,https://en.wikipedia.org/wiki/List_of_towns_in_England
Wath upon Dearne,England,https://en.wikipedia.org/wiki/List_of_towns_in_England
Watlington,England,https://en.wikipedia.org/wiki/List_of_towns_in_England
Watton,England,https://en.wikipedia.org/wiki/List_of_towns_in_England
Wellingborough,England,https://en.wikipedia.org/wiki/List_of_towns_in_England
Wednesbury,England,https://en.wikipedia.org/wiki/List_of_towns_in_England
Wellington,England,https://en.wikipedia.org/wiki/List_of_towns_in_England
Wells-next-the-Sea,England,https://en.wikipedia.org/wiki/List_of_towns_in_England
Welwyn Garden City,England,https://en.wikipedia.org/wiki/List_of_towns_in_England
Wem,England,https://en.wikipedia.org/wiki/List_of_towns_in_England
Wembley,England,https://en.wikipedia.org/wiki/List_of_towns_in_England
Wendover,England,https://en.wikipedia.org/wiki/List_of_towns_in_England
West Bromwich,England,https://en.wikipedia.org/wiki/List_of_towns_in_England
West Ham,England,https://en.wikipedia.org/wiki/List_of_towns_in_England
West Malling,England,https://en.wikipedia.org/wiki/List_of_towns_in_England
West Mersea,England,https://en.wikipedia.org/wiki/List_of_towns_in_England
West Tilbury,England,https://en.wikipedia.org/wiki/List_of_towns_in_England
Westbury,England,https://en.wikipedia.org/wiki/List_of_towns_in_England
Westerham,England,https://en.wikipedia.org/wiki/List_of_towns_in_England
Westhoughton,England,https://en.wikipedia.org/wiki/List_of_towns_in_England
Weston-super-Mare,England,https://en.wikipedia.org/wiki/List_of_towns_in_England
Wetherby,England,https://en.wikipedia.org/wiki/List_of_towns_in_England
Weybridge,England,https://en.wikipedia.org/wiki/List_of_towns_in_England
Weymouth,England,https://en.wikipedia.org/wiki/List_of_towns_in_England
Whaley Bridge,England,https://en.wikipedia.org/wiki/List_of_towns_in_England
Whitby,England,https://en.wikipedia.org/wiki/List_of_towns_in_England
Whitchurch,England,https://en.wikipedia.org/wiki/List_of_towns_in_England
Whitehaven,England,https://en.wikipedia.org/wiki/List_of_towns_in_England
Whitehill,England,https://en.wikipedia.org/wiki/List_of_towns_in_England
Whitnash,England,https://en.wikipedia.org/wiki/List_of_towns_in_England
Whittlesey,England,https://en.wikipedia.org/wiki/List_of_towns_in_England
Whitworth,England,https://en.wikipedia.org/wiki/List_of_towns_in_England
Wickham,England,https://en.wikipedia.org/wiki/List_of_towns_in_England
Wickwar,England,https://en.wikipedia.org/wiki/List_of_towns_in_England
Widnes,England,https://en.wikipedia.org/wiki/List_of_towns_in_England
Wigan,England,https://en.wikipedia.org/wiki/List_of_towns_in_England
Wigton,England,https://en.wikipedia.org/wiki/List_of_towns_in_England
Willenhall,England,https://en.wikipedia.org/wiki/List_of_towns_in_England
Willesden,England,https://en.wikipedia.org/wiki/List_of_towns_in_England
Wilton,England,https://en.wikipedia.org/wiki/List_of_towns_in_England
Wilmslow,England,https://en.wikipedia.org/wiki/List_of_towns_in_England
Wimbledon,England,https://en.wikipedia.org/wiki/List_of_towns_in_England
Wimborne Minster,England,https://en.wikipedia.org/wiki/List_of_towns_in_England
Wincanton,England,https://en.wikipedia.org/wiki/List_of_towns_in_England
Winchcombe,England,https://en.wikipedia.org/wiki/List_of_towns_in_England
Winchelsea,England,https://en.wikipedia.org/wiki/List_of_towns_in_England
Windermere,England,https://en.wikipedia.org/wiki/List_of_towns_in_England
Windsor,England,https://en.wikipedia.org/wiki/List_of_towns_in_England
Winsford,England,https://en.wikipedia.org/wiki/List_of_towns_in_England
Winslow,England,https://en.wikipedia.org/wiki/List_of_towns_in_England
Winterton,England,https://en.wikipedia.org/wiki/List_of_towns_in_England
Wirksworth,England,https://en.wikipedia.org/wiki/List_of_towns_in_England
Wisbech,England,https://en.wikipedia.org/wiki/List_of_towns_in_England
Witham,England,https://en.wikipedia.org/wiki/List_of_towns_in_England
Withernsea,England,https://en.wikipedia.org/wiki/List_of_towns_in_England
Witney,England,https://en.wikipedia.org/wiki/List_of_towns_in_England
Wiveliscombe,England,https://en.wikipedia.org/wiki/List_of_towns_in_England
Wivenhoe,England,https://en.wikipedia.org/wiki/List_of_towns_in_England
Wixams,England,https://en.wikipedia.org/wiki/List_of_towns_in_England
Woburn,England,https://en.wikipedia.org/wiki/List_of_towns_in_England
Woburn Sands,England,https://en.wikipedia.org/wiki/List_of_towns_in_England
Woking,England,https://en.wikipedia.org/wiki/List_of_towns_in_England
Wokingham,England,https://en.wikipedia.org/wiki/List_of_towns_in_England
Wolsingham,England,https://en.wikipedia.org/wiki/List_of_towns_in_England
Wolverton and Greenleys,England,https://en.wikipedia.org/wiki/List_of_towns_in_England
Wood Green,England,https://en.wikipedia.org/wiki/List_of_towns_in_England
Woodford,England,https://en.wikipedia.org/wiki/List_of_towns_in_England
Woodbridge,England,https://en.wikipedia.org/wiki/List_of_towns_in_England
Woodley,England,https://en.wikipedia.org/wiki/List_of_towns_in_England
Woodstock,England,https://en.wikipedia.org/wiki/List_of_towns_in_England
Wooler,England,https://en.wikipedia.org/wiki/List_of_towns_in_England
Workington,England,https://en.wikipedia.org/wiki/List_of_towns_in_England
Worksop,England,https://en.wikipedia.org/wiki/List_of_towns_in_England
Worthing,England,https://en.wikipedia.org/wiki/List_of_towns_in_England
Wotton-under-Edge,England,https://en.wikipedia.org/wiki/List_of_towns_in_England
Wragby,England,https://en.wikipedia.org/wiki/List_of_towns_in_England
Wymondham,England,https://en.wikipedia.org/wiki/List_of_towns_in_England
Yarm,England,https://en.wikipedia.org/wiki/List_of_towns_in_England
Yarmouth,England,https://en.wikipedia.org/wiki/List_of_towns_in_England
Yate,England,https://en.wikipedia.org/wiki/List_of_towns_in_England
Yateley,England,https://en.wikipedia.org/wiki/List_of_towns_in_England
Yeovil,England,https://en.wikipedia.org/wiki/List_of_towns_in_England
Abbeydorney,Republic of Ireland,https://en.m.wikipedia.org/wiki/List_of_towns_and_villages_in_the_Republic_of_Ireland
Abbeyfeale,Republic of Ireland,https://en.m.wikipedia.org/wiki/List_of_towns_and_villages_in_the_Republic_of_Ireland
Abbeyknockmoy,Republic of Ireland,https://en.m.wikipedia.org/wiki/List_of_towns_and_villages_in_the_Republic_of_Ireland
Abbeylara,Republic of Ireland,https://en.m.wikipedia.org/wiki/List_of_towns_and_villages_in_the_Republic_of_Ireland
Abbeyleix,Republic of Ireland,https://en.m.wikipedia.org/wiki/List_of_towns_and_villages_in_the_Republic_of_Ireland
Abbeyshrule,Republic of Ireland,https://en.m.wikipedia.org/wiki/List_of_towns_and_villages_in_the_Republic_of_Ireland
Abbeyside,Republic of Ireland,https://en.m.wikipedia.org/wiki/List_of_towns_and_villages_in_the_Republic_of_Ireland
Achill Sound (Gob a' Choire),Republic of Ireland,https://en.m.wikipedia.org/wiki/List_of_towns_and_villages_in_the_Republic_of_Ireland
Achonry,Republic of Ireland,https://en.m.wikipedia.org/wiki/List_of_towns_and_villages_in_the_Republic_of_Ireland
Aclare,Republic of Ireland,https://en.m.wikipedia.org/wiki/List_of_towns_and_villages_in_the_Republic_of_Ireland
Adamstown (Dublin),Republic of Ireland,https://en.m.wikipedia.org/wiki/List_of_towns_and_villages_in_the_Republic_of_Ireland
Adamstown (Wexford),Republic of Ireland,https://en.m.wikipedia.org/wiki/List_of_towns_and_villages_in_the_Republic_of_Ireland
Adare,Republic of Ireland,https://en.m.wikipedia.org/wiki/List_of_towns_and_villages_in_the_Republic_of_Ireland
Adrigole,Republic of Ireland,https://en.m.wikipedia.org/wiki/List_of_towns_and_villages_in_the_Republic_of_Ireland
Affane,Republic of Ireland,https://en.m.wikipedia.org/wiki/List_of_towns_and_villages_in_the_Republic_of_Ireland
Aghaboe,Republic of Ireland,https://en.m.wikipedia.org/wiki/List_of_towns_and_villages_in_the_Republic_of_Ireland
Aghabullogue,Republic of Ireland,https://en.m.wikipedia.org/wiki/List_of_towns_and_villages_in_the_Republic_of_Ireland
Aghada,Republic of Ireland,https://en.m.wikipedia.org/wiki/List_of_towns_and_villages_in_the_Republic_of_Ireland
Aghamore,Republic of Ireland,https://en.m.wikipedia.org/wiki/List_of_towns_and_villages_in_the_Republic_of_Ireland
Agher,Republic of Ireland,https://en.m.wikipedia.org/wiki/List_of_towns_and_villages_in_the_Republic_of_Ireland
Aglish,Republic of Ireland,https://en.m.wikipedia.org/wiki/List_of_towns_and_villages_in_the_Republic_of_Ireland
Ahakista,Republic of Ireland,https://en.m.wikipedia.org/wiki/List_of_towns_and_villages_in_the_Republic_of_Ireland
Annacurra,Republic of Ireland,https://en.m.wikipedia.org/wiki/List_of_towns_and_villages_in_the_Republic_of_Ireland
Ahascragh,Republic of Ireland,https://en.m.wikipedia.org/wiki/List_of_towns_and_villages_in_the_Republic_of_Ireland
Aherla,Republic of Ireland,https://en.m.wikipedia.org/wiki/List_of_towns_and_villages_in_the_Republic_of_Ireland
Ahiohill,Republic of Ireland,https://en.m.wikipedia.org/wiki/List_of_towns_and_villages_in_the_Republic_of_Ireland
Allen,Republic of Ireland,https://en.m.wikipedia.org/wiki/List_of_towns_and_villages_in_the_Republic_of_Ireland
Allenwood,Republic of Ireland,https://en.m.wikipedia.org/wiki/List_of_towns_and_villages_in_the_Republic_of_Ireland
Allihies,Republic of Ireland,https://en.m.wikipedia.org/wiki/List_of_towns_and_villages_in_the_Republic_of_Ireland
Anglesboro,Republic of Ireland,https://en.m.wikipedia.org/wiki/List_of_towns_and_villages_in_the_Republic_of_Ireland
Annacotty,Republic of Ireland,https://en.m.wikipedia.org/wiki/List_of_towns_and_villages_in_the_Republic_of_Ireland
Annagassan,Republic of Ireland,https://en.m.wikipedia.org/wiki/List_of_towns_and_villages_in_the_Republic_of_Ireland
Annagry (Anagaire),Republic of Ireland,https://en.m.wikipedia.org/wiki/List_of_towns_and_villages_in_the_Republic_of_Ireland
Annamoe,Republic of Ireland,https://en.m.wikipedia.org/wiki/List_of_towns_and_villages_in_the_Republic_of_Ireland
Annascaul,Republic of Ireland,https://en.m.wikipedia.org/wiki/List_of_towns_and_villages_in_the_Republic_of_Ireland
Annestown,Republic of Ireland,https://en.m.wikipedia.org/wiki/List_of_towns_and_villages_in_the_Republic_of_Ireland
Annyalla,Republic of Ireland,https://en.m.wikipedia.org/wiki/List_of_towns_and_villages_in_the_Republic_of_Ireland
Ardagh (Limerick),Republic of Ireland,https://en.m.wikipedia.org/wiki/List_of_towns_and_villages_in_the_Republic_of_Ireland
Ardagh (Longford),Republic of Ireland,https://en.m.wikipedia.org/wiki/List_of_towns_and_villages_in_the_Republic_of_Ireland
Ardara,Republic of Ireland,https://en.m.wikipedia.org/wiki/List_of_towns_and_villages_in_the_Republic_of_Ireland
Ardcroney,Republic of Ireland,https://en.m.wikipedia.org/wiki/List_of_towns_and_villages_in_the_Republic_of_Ireland
Ardee,Republic of Ireland,https://en.m.wikipedia.org/wiki/List_of_towns_and_villages_in_the_Republic_of_Ireland
Ardfert,Republic of Ireland,https://en.m.wikipedia.org/wiki/List_of_towns_and_villages_in_the_Republic_of_Ireland
Ardfield,Republic of Ireland,https://en.m.wikipedia.org/wiki/List_of_towns_and_villages_in_the_Republic_of_Ireland
Ardgroom,Republic of Ireland,https://en.m.wikipedia.org/wiki/List_of_towns_and_villages_in_the_Republic_of_Ireland
Ardmore,Republic of Ireland,https://en.m.wikipedia.org/wiki/List_of_towns_and_villages_in_the_Republic_of_Ireland
Ardpatrick,Republic of Ireland,https://en.m.wikipedia.org/wiki/List_of_towns_and_villages_in_the_Republic_of_Ireland
Ardrahan,Republic of Ireland,https://en.m.wikipedia.org/wiki/List_of_towns_and_villages_in_the_Republic_of_Ireland
Ardsallis,Republic of Ireland,https://en.m.wikipedia.org/wiki/List_of_towns_and_villages_in_the_Republic_of_Ireland
Arigna,Republic of Ireland,https://en.m.wikipedia.org/wiki/List_of_towns_and_villages_in_the_Republic_of_Ireland
Arklow,Republic of Ireland,https://en.m.wikipedia.org/wiki/List_of_towns_and_villages_in_the_Republic_of_Ireland
Arless,Republic of Ireland,https://en.m.wikipedia.org/wiki/List_of_towns_and_villages_in_the_Republic_of_Ireland
Artane,Republic of Ireland,https://en.m.wikipedia.org/wiki/List_of_towns_and_villages_in_the_Republic_of_Ireland
Arthurstown,Republic of Ireland,https://en.m.wikipedia.org/wiki/List_of_towns_and_villages_in_the_Republic_of_Ireland
Arvagh,Republic of Ireland,https://en.m.wikipedia.org/wiki/List_of_towns_and_villages_in_the_Republic_of_Ireland
Asdee,Republic of Ireland,https://en.m.wikipedia.org/wiki/List_of_towns_and_villages_in_the_Republic_of_Ireland
Ashbourne,Republic of Ireland,https://en.m.wikipedia.org/wiki/List_of_towns_and_villages_in_the_Republic_of_Ireland
Ashford,Republic of Ireland,https://en.m.wikipedia.org/wiki/List_of_towns_and_villages_in_the_Republic_of_Ireland
Askeaton,Republic of Ireland,https://en.m.wikipedia.org/wiki/List_of_towns_and_villages_in_the_Republic_of_Ireland
Askill,Republic of Ireland,https://en.m.wikipedia.org/wiki/List_of_towns_and_villages_in_the_Republic_of_Ireland
Athboy,Republic of Ireland,https://en.m.wikipedia.org/wiki/List_of_towns_and_villages_in_the_Republic_of_Ireland
Athea,Republic of Ireland,https://en.m.wikipedia.org/wiki/List_of_towns_and_villages_in_the_Republic_of_Ireland
Athenry,Republic of Ireland,https://en.m.wikipedia.org/wiki/List_of_towns_and_villages_in_the_Republic_of_Ireland
Athgarvan,Republic of Ireland,https://en.m.wikipedia.org/wiki/List_of_towns_and_villages_in_the_Republic_of_Ireland
Athlacca,Republic of Ireland,https://en.m.wikipedia.org/wiki/List_of_towns_and_villages_in_the_Republic_of_Ireland
Athleague,Republic of Ireland,https://en.m.wikipedia.org/wiki/List_of_towns_and_villages_in_the_Republic_of_Ireland
Athlone,Republic of Ireland,https://en.m.wikipedia.org/wiki/List_of_towns_and_villages_in_the_Republic_of_Ireland
Athy,Republic of Ireland,https://en.m.wikipedia.org/wiki/List_of_towns_and_villages_in_the_Republic_of_Ireland
Attymass,Republic of Ireland,https://en.m.wikipedia.org/wiki/List_of_towns_and_villages_in_the_Republic_of_Ireland
Attymon,Republic of Ireland,https://en.m.wikipedia.org/wiki/List_of_towns_and_villages_in_the_Republic_of_Ireland
Aughagower,Republic of Ireland,https://en.m.wikipedia.org/wiki/List_of_towns_and_villages_in_the_Republic_of_Ireland
Aughleam (Eachléim),Republic of Ireland,https://en.m.wikipedia.org/wiki/List_of_towns_and_villages_in_the_Republic_of_Ireland
Aughrim (Galway),Republic of Ireland,https://en.m.wikipedia.org/wiki/List_of_towns_and_villages_in_the_Republic_of_Ireland
Aughrim (Wicklow),Republic of Ireland,https://en.m.wikipedia.org/wiki/List_of_towns_and_villages_in_the_Republic_of_Ireland
Avoca,Republic of Ireland,https://en.m.wikipedia.org/wiki/List_of_towns_and_villages_in_the_Republic_of_Ireland
Bagenalstown (Muine Bheag),Republic of Ireland,https://en.m.wikipedia.org/wiki/List_of_towns_and_villages_in_the_Republic_of_Ireland
Bailieborough,Republic of Ireland,https://en.m.wikipedia.org/wiki/List_of_towns_and_villages_in_the_Republic_of_Ireland
Balbriggan,Republic of Ireland,https://en.m.wikipedia.org/wiki/List_of_towns_and_villages_in_the_Republic_of_Ireland
Baldoyle,Republic of Ireland,https://en.m.wikipedia.org/wiki/List_of_towns_and_villages_in_the_Republic_of_Ireland
Balgriffin,Republic of Ireland,https://en.m.wikipedia.org/wiki/List_of_towns_and_villages_in_the_Republic_of_Ireland
Balla,Republic of Ireland,https://en.m.wikipedia.org/wiki/List_of_towns_and_villages_in_the_Republic_of_Ireland
Ballaghaderreen,Republic of Ireland,https://en.m.wikipedia.org/wiki/List_of_towns_and_villages_in_the_Republic_of_Ireland
Ballaghmore,Republic of Ireland,https://en.m.wikipedia.org/wiki/List_of_towns_and_villages_in_the_Republic_of_Ireland
Balally,Republic of Ireland,https://en.m.wikipedia.org/wiki/List_of_towns_and_villages_in_the_Republic_of_Ireland
Ballickmoyler,Republic of Ireland,https://en.m.wikipedia.org/wiki/List_of_towns_and_villages_in_the_Republic_of_Ireland
Ballina (Mayo),Republic of Ireland,https://en.m.wikipedia.org/wiki/List_of_towns_and_villages_in_the_Republic_of_Ireland
Ballina (Tipperary),Republic of Ireland,https://en.m.wikipedia.org/wiki/List_of_towns_and_villages_in_the_Republic_of_Ireland
Ballinaclash,Republic of Ireland,https://en.m.wikipedia.org/wiki/List_of_towns_and_villages_in_the_Republic_of_Ireland
Ballinacurra,Republic of Ireland,https://en.m.wikipedia.org/wiki/List_of_towns_and_villages_in_the_Republic_of_Ireland
Ballinadee,Republic of Ireland,https://en.m.wikipedia.org/wiki/List_of_towns_and_villages_in_the_Republic_of_Ireland
Ballinagar,Republic of Ireland,https://en.m.wikipedia.org/wiki/List_of_towns_and_villages_in_the_Republic_of_Ireland
Ballinagh,Republic of Ireland,https://en.m.wikipedia.org/wiki/List_of_towns_and_villages_in_the_Republic_of_Ireland
Ballinaglera,Republic of Ireland,https://en.m.wikipedia.org/wiki/List_of_towns_and_villages_in_the_Republic_of_Ireland
Ballinagree,Republic of Ireland,https://en.m.wikipedia.org/wiki/List_of_towns_and_villages_in_the_Republic_of_Ireland
Ballinakill,Republic of Ireland,https://en.m.wikipedia.org/wiki/List_of_towns_and_villages_in_the_Republic_of_Ireland
Ballinalee,Republic of Ireland,https://en.m.wikipedia.org/wiki/List_of_towns_and_villages_in_the_Republic_of_Ireland
Ballinamore,Republic of Ireland,https://en.m.wikipedia.org/wiki/List_of_towns_and_villages_in_the_Republic_of_Ireland
Ballinascarty,Republic of Ireland,https://en.m.wikipedia.org/wiki/List_of_towns_and_villages_in_the_Republic_of_Ireland
Ballinasloe,Republic of Ireland,https://en.m.wikipedia.org/wiki/List_of_towns_and_villages_in_the_Republic_of_Ireland
Ballincollig,Republic of Ireland,https://en.m.wikipedia.org/wiki/List_of_towns_and_villages_in_the_Republic_of_Ireland
Ballindaggin,Republic of Ireland,https://en.m.wikipedia.org/wiki/List_of_towns_and_villages_in_the_Republic_of_Ireland
Ballinderreen,Republic of Ireland,https://en.m.wikipedia.org/wiki/List_of_towns_and_villages_in_the_Republic_of_Ireland
Ballindine,Republic of Ireland,https://en.m.wikipedia.org/wiki/List_of_towns_and_villages_in_the_Republic_of_Ireland
Ballindooley,Republic of Ireland,https://en.m.wikipedia.org/wiki/List_of_towns_and_villages_in_the_Republic_of_Ireland
Ballinea,Republic of Ireland,https://en.m.wikipedia.org/wiki/List_of_towns_and_villages_in_the_Republic_of_Ireland
Ballineen and Enniskean,Republic of Ireland,https://en.m.wikipedia.org/wiki/List_of_towns_and_villages_in_the_Republic_of_Ireland
Ballingarry (Limerick),Republic of Ireland,https://en.m.wikipedia.org/wiki/List_of_towns_and_villages_in_the_Republic_of_Ireland
Ballingarry (Tipperary),Republic of Ireland,https://en.m.wikipedia.org/wiki/List_of_towns_and_villages_in_the_Republic_of_Ireland
Ballingeary (Béal Átha an Ghaorthaidh),Republic of Ireland,https://en.m.wikipedia.org/wiki/List_of_towns_and_villages_in_the_Republic_of_Ireland
Ballingurteen,Republic of Ireland,https://en.m.wikipedia.org/wiki/List_of_towns_and_villages_in_the_Republic_of_Ireland
Ballinhassig,Republic of Ireland,https://en.m.wikipedia.org/wiki/List_of_towns_and_villages_in_the_Republic_of_Ireland
Ballinkillin,Republic of Ireland,https://en.m.wikipedia.org/wiki/List_of_towns_and_villages_in_the_Republic_of_Ireland
Ballinlough,Republic of Ireland,https://en.m.wikipedia.org/wiki/List_of_towns_and_villages_in_the_Republic_of_Ireland
Ballinode,Republic of Ireland,https://en.m.wikipedia.org/wiki/List_of_towns_and_villages_in_the_Republic_of_Ireland
Ballinroad,Republic of Ireland,https://en.m.wikipedia.org/wiki/List_of_towns_and_villages_in_the_Republic_of_Ireland
Ballinrobe,Republic of Ireland,https://en.m.wikipedia.org/wiki/List_of_towns_and_villages_in_the_Republic_of_Ireland
Ballinskelligs (Baile an Sceilg),Republic of Ireland,https://en.m.wikipedia.org/wiki/List_of_towns_and_villages_in_the_Republic_of_Ireland
Ballinspittle,Republic of Ireland,https://en.m.wikipedia.org/wiki/List_of_towns_and_villages_in_the_Republic_of_Ireland
Ballinteer,Republic of Ireland,https://en.m.wikipedia.org/wiki/List_of_towns_and_villages_in_the_Republic_of_Ireland
Ballintemple,Republic of Ireland,https://en.m.wikipedia.org/wiki/List_of_towns_and_villages_in_the_Republic_of_Ireland
Ballintra,Republic of Ireland,https://en.m.wikipedia.org/wiki/List_of_towns_and_villages_in_the_Republic_of_Ireland
Ballintober (Roscommon),Republic of Ireland,https://en.m.wikipedia.org/wiki/List_of_towns_and_villages_in_the_Republic_of_Ireland
Ballintogher,Republic of Ireland,https://en.m.wikipedia.org/wiki/List_of_towns_and_villages_in_the_Republic_of_Ireland
Ballintubber (Mayo),Republic of Ireland,https://en.m.wikipedia.org/wiki/List_of_towns_and_villages_in_the_Republic_of_Ireland
Ballitore,Republic of Ireland,https://en.m.wikipedia.org/wiki/List_of_towns_and_villages_in_the_Republic_of_Ireland
Ballivor,Republic of Ireland,https://en.m.wikipedia.org/wiki/List_of_towns_and_villages_in_the_Republic_of_Ireland
Ballon,Republic of Ireland,https://en.m.wikipedia.org/wiki/List_of_towns_and_villages_in_the_Republic_of_Ireland
Ballsbridge,Republic of Ireland,https://en.m.wikipedia.org/wiki/List_of_towns_and_villages_in_the_Republic_of_Ireland
Ballybay,Republic of Ireland,https://en.m.wikipedia.org/wiki/List_of_towns_and_villages_in_the_Republic_of_Ireland
Ballybeggan,Republic of Ireland,https://en.m.wikipedia.org/wiki/List_of_towns_and_villages_in_the_Republic_of_Ireland
Ballyboden,Republic of Ireland,https://en.m.wikipedia.org/wiki/List_of_towns_and_villages_in_the_Republic_of_Ireland
Ballybofey,Republic of Ireland,https://en.m.wikipedia.org/wiki/List_of_towns_and_villages_in_the_Republic_of_Ireland
Ballybough,Republic of Ireland,https://en.m.wikipedia.org/wiki/List_of_towns_and_villages_in_the_Republic_of_Ireland
Ballybrack,Republic of Ireland,https://en.m.wikipedia.org/wiki/List_of_towns_and_villages_in_the_Republic_of_Ireland
Ballybrittas,Republic of Ireland,https://en.m.wikipedia.org/wiki/List_of_towns_and_villages_in_the_Republic_of_Ireland
Ballybrophy,Republic of Ireland,https://en.m.wikipedia.org/wiki/List_of_towns_and_villages_in_the_Republic_of_Ireland
Ballybunion,Republic of Ireland,https://en.m.wikipedia.org/wiki/List_of_towns_and_villages_in_the_Republic_of_Ireland
Ballycanew,Republic of Ireland,https://en.m.wikipedia.org/wiki/List_of_towns_and_villages_in_the_Republic_of_Ireland
Ballycarney,Republic of Ireland,https://en.m.wikipedia.org/wiki/List_of_towns_and_villages_in_the_Republic_of_Ireland
Ballycastle,Republic of Ireland,https://en.m.wikipedia.org/wiki/List_of_towns_and_villages_in_the_Republic_of_Ireland
Ballycolla,Republic of Ireland,https://en.m.wikipedia.org/wiki/List_of_towns_and_villages_in_the_Republic_of_Ireland
Ballyconnell,Republic of Ireland,https://en.m.wikipedia.org/wiki/List_of_towns_and_villages_in_the_Republic_of_Ireland
Ballyconneely,Republic of Ireland,https://en.m.wikipedia.org/wiki/List_of_towns_and_villages_in_the_Republic_of_Ireland
Ballycotton,Republic of Ireland,https://en.m.wikipedia.org/wiki/List_of_towns_and_villages_in_the_Republic_of_Ireland
Ballycroy,Republic of Ireland,https://en.m.wikipedia.org/wiki/List_of_towns_and_villages_in_the_Republic_of_Ireland
Ballycullane,Republic of Ireland,https://en.m.wikipedia.org/wiki/List_of_towns_and_villages_in_the_Republic_of_Ireland
Ballycullen,Republic of Ireland,https://en.m.wikipedia.org/wiki/List_of_towns_and_villages_in_the_Republic_of_Ireland
Ballycumber,Republic of Ireland,https://en.m.wikipedia.org/wiki/List_of_towns_and_villages_in_the_Republic_of_Ireland
Ballydavid (Baile na nGall),Republic of Ireland,https://en.m.wikipedia.org/wiki/List_of_towns_and_villages_in_the_Republic_of_Ireland
Ballydehob,Republic of Ireland,https://en.m.wikipedia.org/wiki/List_of_towns_and_villages_in_the_Republic_of_Ireland
Ballydesmond,Republic of Ireland,https://en.m.wikipedia.org/wiki/List_of_towns_and_villages_in_the_Republic_of_Ireland
Ballyduff (Kerry),Republic of Ireland,https://en.m.wikipedia.org/wiki/List_of_towns_and_villages_in_the_Republic_of_Ireland
Ballyduff (Waterford),Republic of Ireland,https://en.m.wikipedia.org/wiki/List_of_towns_and_villages_in_the_Republic_of_Ireland
Ballyduff (Wexford),Republic of Ireland,https://en.m.wikipedia.org/wiki/List_of_towns_and_villages_in_the_Republic_of_Ireland
Ballyedmond,Republic of Ireland,https://en.m.wikipedia.org/wiki/List_of_towns_and_villages_in_the_Republic_of_Ireland
Ballyfarnan,Republic of Ireland,https://en.m.wikipedia.org/wiki/List_of_towns_and_villages_in_the_Republic_of_Ireland
Ballyfermot,Republic of Ireland,https://en.m.wikipedia.org/wiki/List_of_towns_and_villages_in_the_Republic_of_Ireland
Ballyferriter (Baile an Fheirtéaraigh),Republic of Ireland,https://en.m.wikipedia.org/wiki/List_of_towns_and_villages_in_the_Republic_of_Ireland
Ballyfin,Republic of Ireland,https://en.m.wikipedia.org/wiki/List_of_towns_and_villages_in_the_Republic_of_Ireland
Ballyforan,Republic of Ireland,https://en.m.wikipedia.org/wiki/List_of_towns_and_villages_in_the_Republic_of_Ireland
Ballygarrett,Republic of Ireland,https://en.m.wikipedia.org/wiki/List_of_towns_and_villages_in_the_Republic_of_Ireland
Ballygarvan,Republic of Ireland,https://en.m.wikipedia.org/wiki/List_of_towns_and_villages_in_the_Republic_of_Ireland
Ballygawley,Republic of Ireland,https://en.m.wikipedia.org/wiki/List_of_towns_and_villages_in_the_Republic_of_Ireland
Ballyhack,Republic of Ireland,https://en.m.wikipedia.org/wiki/List_of_towns_and_villages_in_the_Republic_of_Ireland
Ballyhaise,Republic of Ireland,https://en.m.wikipedia.org/wiki/List_of_towns_and_villages_in_the_Republic_of_Ireland
Ballyhale,Republic of Ireland,https://en.m.wikipedia.org/wiki/List_of_towns_and_villages_in_the_Republic_of_Ireland
Ballyhaunis,Republic of Ireland,https://en.m.wikipedia.org/wiki/List_of_towns_and_villages_in_the_Republic_of_Ireland
Ballyhea,Republic of Ireland,https://en.m.wikipedia.org/wiki/List_of_towns_and_villages_in_the_Republic_of_Ireland
Ballyheigue,Republic of Ireland,https://en.m.wikipedia.org/wiki/List_of_towns_and_villages_in_the_Republic_of_Ireland
Ballyhide,Republic of Ireland,https://en.m.wikipedia.org/wiki/List_of_towns_and_villages_in_the_Republic_of_Ireland
Ballyhuppahane,Republic of Ireland,https://en.m.wikipedia.org/wiki/List_of_towns_and_villages_in_the_Republic_of_Ireland
Ballyjamesduff,Republic of Ireland,https://en.m.wikipedia.org/wiki/List_of_towns_and_villages_in_the_Republic_of_Ireland
Ballykeeran,Republic of Ireland,https://en.m.wikipedia.org/wiki/List_of_towns_and_villages_in_the_Republic_of_Ireland
Ballyknockan,Republic of Ireland,https://en.m.wikipedia.org/wiki/List_of_towns_and_villages_in_the_Republic_of_Ireland
Ballylanders,Republic of Ireland,https://en.m.wikipedia.org/wiki/List_of_towns_and_villages_in_the_Republic_of_Ireland
Ballylaneen,Republic of Ireland,https://en.m.wikipedia.org/wiki/List_of_towns_and_villages_in_the_Republic_of_Ireland
Ballyleague,Republic of Ireland,https://en.m.wikipedia.org/wiki/List_of_towns_and_villages_in_the_Republic_of_Ireland
Ballylickey,Republic of Ireland,https://en.m.wikipedia.org/wiki/List_of_towns_and_villages_in_the_Republic_of_Ireland
Ballyliffin,Republic of Ireland,https://en.m.wikipedia.org/wiki/List_of_towns_and_villages_in_the_Republic_of_Ireland
Ballylongford,Republic of Ireland,https://en.m.wikipedia.org/wiki/List_of_towns_and_villages_in_the_Republic_of_Ireland
Ballylooby,Republic of Ireland,https://en.m.wikipedia.org/wiki/List_of_towns_and_villages_in_the_Republic_of_Ireland
Ballylinan,Republic of Ireland,https://en.m.wikipedia.org/wiki/List_of_towns_and_villages_in_the_Republic_of_Ireland
Ballymacward,Republic of Ireland,https://en.m.wikipedia.org/wiki/List_of_towns_and_villages_in_the_Republic_of_Ireland
Ballymagauran,Republic of Ireland,https://en.m.wikipedia.org/wiki/List_of_towns_and_villages_in_the_Republic_of_Ireland
Ballymahon,Republic of Ireland,https://en.m.wikipedia.org/wiki/List_of_towns_and_villages_in_the_Republic_of_Ireland
Ballymakeera (Baile Mhic Íre),Republic of Ireland,https://en.m.wikipedia.org/wiki/List_of_towns_and_villages_in_the_Republic_of_Ireland
Ballymascanlan,Republic of Ireland,https://en.m.wikipedia.org/wiki/List_of_towns_and_villages_in_the_Republic_of_Ireland
Ballymoe,Republic of Ireland,https://en.m.wikipedia.org/wiki/List_of_towns_and_villages_in_the_Republic_of_Ireland
Ballymore (Cork),Republic of Ireland,https://en.m.wikipedia.org/wiki/List_of_towns_and_villages_in_the_Republic_of_Ireland
Ballymore (Westmeath),Republic of Ireland,https://en.m.wikipedia.org/wiki/List_of_towns_and_villages_in_the_Republic_of_Ireland
Ballymore Eustace,Republic of Ireland,https://en.m.wikipedia.org/wiki/List_of_towns_and_villages_in_the_Republic_of_Ireland
Ballymote,Republic of Ireland,https://en.m.wikipedia.org/wiki/List_of_towns_and_villages_in_the_Republic_of_Ireland
Ballymount,Republic of Ireland,https://en.m.wikipedia.org/wiki/List_of_towns_and_villages_in_the_Republic_of_Ireland
Ballymun,Republic of Ireland,https://en.m.wikipedia.org/wiki/List_of_towns_and_villages_in_the_Republic_of_Ireland
Ballymurphy,Republic of Ireland,https://en.m.wikipedia.org/wiki/List_of_towns_and_villages_in_the_Republic_of_Ireland
Ballynacally,Republic of Ireland,https://en.m.wikipedia.org/wiki/List_of_towns_and_villages_in_the_Republic_of_Ireland
Ballynacargy,Republic of Ireland,https://en.m.wikipedia.org/wiki/List_of_towns_and_villages_in_the_Republic_of_Ireland
Ballynacregga,Republic of Ireland,https://en.m.wikipedia.org/wiki/List_of_towns_and_villages_in_the_Republic_of_Ireland
Ballynahinch,Republic of Ireland,https://en.m.wikipedia.org/wiki/List_of_towns_and_villages_in_the_Republic_of_Ireland
Ballynahown (Baile na hAbhann),Republic of Ireland,https://en.m.wikipedia.org/wiki/List_of_towns_and_villages_in_the_Republic_of_Ireland
Ballynanty,Republic of Ireland,https://en.m.wikipedia.org/wiki/List_of_towns_and_villages_in_the_Republic_of_Ireland
Ballyogan,Republic of Ireland,https://en.m.wikipedia.org/wiki/List_of_towns_and_villages_in_the_Republic_of_Ireland
Ballyporeen,Republic of Ireland,https://en.m.wikipedia.org/wiki/List_of_towns_and_villages_in_the_Republic_of_Ireland
Ballyragget,Republic of Ireland,https://en.m.wikipedia.org/wiki/List_of_towns_and_villages_in_the_Republic_of_Ireland
Ballyroan,Republic of Ireland,https://en.m.wikipedia.org/wiki/List_of_towns_and_villages_in_the_Republic_of_Ireland
Ballysadare,Republic of Ireland,https://en.m.wikipedia.org/wiki/List_of_towns_and_villages_in_the_Republic_of_Ireland
Ballysaggart,Republic of Ireland,https://en.m.wikipedia.org/wiki/List_of_towns_and_villages_in_the_Republic_of_Ireland
Ballyshannon,Republic of Ireland,https://en.m.wikipedia.org/wiki/List_of_towns_and_villages_in_the_Republic_of_Ireland
Ballysloe,Republic of Ireland,https://en.m.wikipedia.org/wiki/List_of_towns_and_villages_in_the_Republic_of_Ireland
Ballyvary,Republic of Ireland,https://en.m.wikipedia.org/wiki/List_of_towns_and_villages_in_the_Republic_of_Ireland
Ballyvaughan,Republic of Ireland,https://en.m.wikipedia.org/wiki/List_of_towns_and_villages_in_the_Republic_of_Ireland
Ballyvourney (Baile Bhuirne),Republic of Ireland,https://en.m.wikipedia.org/wiki/List_of_towns_and_villages_in_the_Republic_of_Ireland
Ballywilliam,Republic of Ireland,https://en.m.wikipedia.org/wiki/List_of_towns_and_villages_in_the_Republic_of_Ireland
Balscadden,Republic of Ireland,https://en.m.wikipedia.org/wiki/List_of_towns_and_villages_in_the_Republic_of_Ireland
Baltimore,Republic of Ireland,https://en.m.wikipedia.org/wiki/List_of_towns_and_villages_in_the_Republic_of_Ireland
Baltinglass,Republic of Ireland,https://en.m.wikipedia.org/wiki/List_of_towns_and_villages_in_the_Republic_of_Ireland
Banagher,Republic of Ireland,https://en.m.wikipedia.org/wiki/List_of_towns_and_villages_in_the_Republic_of_Ireland
Bandon,Republic of Ireland,https://en.m.wikipedia.org/wiki/List_of_towns_and_villages_in_the_Republic_of_Ireland
Bangor Erris,Republic of Ireland,https://en.m.wikipedia.org/wiki/List_of_towns_and_villages_in_the_Republic_of_Ireland
Bannow,Republic of Ireland,https://en.m.wikipedia.org/wiki/List_of_towns_and_villages_in_the_Republic_of_Ireland
Bansha,Republic of Ireland,https://en.m.wikipedia.org/wiki/List_of_towns_and_villages_in_the_Republic_of_Ireland
Banteer,Republic of Ireland,https://en.m.wikipedia.org/wiki/List_of_towns_and_villages_in_the_Republic_of_Ireland
Bantry,Republic of Ireland,https://en.m.wikipedia.org/wiki/List_of_towns_and_villages_in_the_Republic_of_Ireland
Barefield,Republic of Ireland,https://en.m.wikipedia.org/wiki/List_of_towns_and_villages_in_the_Republic_of_Ireland
Barleycove,Republic of Ireland,https://en.m.wikipedia.org/wiki/List_of_towns_and_villages_in_the_Republic_of_Ireland
Barna (Bearna),Republic of Ireland,https://en.m.wikipedia.org/wiki/List_of_towns_and_villages_in_the_Republic_of_Ireland
Barnane,Republic of Ireland,https://en.m.wikipedia.org/wiki/List_of_towns_and_villages_in_the_Republic_of_Ireland
Barndarrig,Republic of Ireland,https://en.m.wikipedia.org/wiki/List_of_towns_and_villages_in_the_Republic_of_Ireland
Barrowhouse,Republic of Ireland,https://en.m.wikipedia.org/wiki/List_of_towns_and_villages_in_the_Republic_of_Ireland
Bartlemy,Republic of Ireland,https://en.m.wikipedia.org/wiki/List_of_towns_and_villages_in_the_Republic_of_Ireland
Batterstown,Republic of Ireland,https://en.m.wikipedia.org/wiki/List_of_towns_and_villages_in_the_Republic_of_Ireland
Bawnboy,Republic of Ireland,https://en.m.wikipedia.org/wiki/List_of_towns_and_villages_in_the_Republic_of_Ireland
Bayside,Republic of Ireland,https://en.m.wikipedia.org/wiki/List_of_towns_and_villages_in_the_Republic_of_Ireland
Bealadangan (Béal a' Daingin),Republic of Ireland,https://en.m.wikipedia.org/wiki/List_of_towns_and_villages_in_the_Republic_of_Ireland
Bective,Republic of Ireland,https://en.m.wikipedia.org/wiki/List_of_towns_and_villages_in_the_Republic_of_Ireland
Bekan,Republic of Ireland,https://en.m.wikipedia.org/wiki/List_of_towns_and_villages_in_the_Republic_of_Ireland
Belcarra,Republic of Ireland,https://en.m.wikipedia.org/wiki/List_of_towns_and_villages_in_the_Republic_of_Ireland
Belclare,Republic of Ireland,https://en.m.wikipedia.org/wiki/List_of_towns_and_villages_in_the_Republic_of_Ireland
Belderrig (Béal Deirg),Republic of Ireland,https://en.m.wikipedia.org/wiki/List_of_towns_and_villages_in_the_Republic_of_Ireland
Belfield,Republic of Ireland,https://en.m.wikipedia.org/wiki/List_of_towns_and_villages_in_the_Republic_of_Ireland
Belgooly,Republic of Ireland,https://en.m.wikipedia.org/wiki/List_of_towns_and_villages_in_the_Republic_of_Ireland
Bellanagare,Republic of Ireland,https://en.m.wikipedia.org/wiki/List_of_towns_and_villages_in_the_Republic_of_Ireland
Bellanamullia,Republic of Ireland,https://en.m.wikipedia.org/wiki/List_of_towns_and_villages_in_the_Republic_of_Ireland
Bellavary,Republic of Ireland,https://en.m.wikipedia.org/wiki/List_of_towns_and_villages_in_the_Republic_of_Ireland
Bellewstown,Republic of Ireland,https://en.m.wikipedia.org/wiki/List_of_towns_and_villages_in_the_Republic_of_Ireland
Belmullet (Béal an Mhuirthead),Republic of Ireland,https://en.m.wikipedia.org/wiki/List_of_towns_and_villages_in_the_Republic_of_Ireland
Belturbet,Republic of Ireland,https://en.m.wikipedia.org/wiki/List_of_towns_and_villages_in_the_Republic_of_Ireland
Belvelly,Republic of Ireland,https://en.m.wikipedia.org/wiki/List_of_towns_and_villages_in_the_Republic_of_Ireland
Bennettsbridge,Republic of Ireland,https://en.m.wikipedia.org/wiki/List_of_towns_and_villages_in_the_Republic_of_Ireland
Bettystown,Republic of Ireland,https://en.m.wikipedia.org/wiki/List_of_towns_and_villages_in_the_Republic_of_Ireland
Binghamstown,Republic of Ireland,https://en.m.wikipedia.org/wiki/List_of_towns_and_villages_in_the_Republic_of_Ireland
Birdhill,Republic of Ireland,https://en.m.wikipedia.org/wiki/List_of_towns_and_villages_in_the_Republic_of_Ireland
Birr,Republic of Ireland,https://en.m.wikipedia.org/wiki/List_of_towns_and_villages_in_the_Republic_of_Ireland
Bishopstown,Republic of Ireland,https://en.m.wikipedia.org/wiki/List_of_towns_and_villages_in_the_Republic_of_Ireland
Blacklion,Republic of Ireland,https://en.m.wikipedia.org/wiki/List_of_towns_and_villages_in_the_Republic_of_Ireland
Blackpool,Republic of Ireland,https://en.m.wikipedia.org/wiki/List_of_towns_and_villages_in_the_Republic_of_Ireland
Blackrock (Dublin),Republic of Ireland,https://en.m.wikipedia.org/wiki/List_of_towns_and_villages_in_the_Republic_of_Ireland
Blackrock (Dundalk),Republic of Ireland,https://en.m.wikipedia.org/wiki/List_of_towns_and_villages_in_the_Republic_of_Ireland
Blackrock (Cork),Republic of Ireland,https://en.m.wikipedia.org/wiki/List_of_towns_and_villages_in_the_Republic_of_Ireland
Blackwater,Republic of Ireland,https://en.m.wikipedia.org/wiki/List_of_towns_and_villages_in_the_Republic_of_Ireland
Blanchardstown,Republic of Ireland,https://en.m.wikipedia.org/wiki/List_of_towns_and_villages_in_the_Republic_of_Ireland
Blarney,Republic of Ireland,https://en.m.wikipedia.org/wiki/List_of_towns_and_villages_in_the_Republic_of_Ireland
Blennerville,Republic of Ireland,https://en.m.wikipedia.org/wiki/List_of_towns_and_villages_in_the_Republic_of_Ireland
Blessington,Republic of Ireland,https://en.m.wikipedia.org/wiki/List_of_towns_and_villages_in_the_Republic_of_Ireland
Blue Ball,Republic of Ireland,https://en.m.wikipedia.org/wiki/List_of_towns_and_villages_in_the_Republic_of_Ireland
Boherbue,Republic of Ireland,https://en.m.wikipedia.org/wiki/List_of_towns_and_villages_in_the_Republic_of_Ireland
Bohola,Republic of Ireland,https://en.m.wikipedia.org/wiki/List_of_towns_and_villages_in_the_Republic_of_Ireland
Bonniconllon,Republic of Ireland,https://en.m.wikipedia.org/wiki/List_of_towns_and_villages_in_the_Republic_of_Ireland
Boolavogue,Republic of Ireland,https://en.m.wikipedia.org/wiki/List_of_towns_and_villages_in_the_Republic_of_Ireland
Booterstown,Republic of Ireland,https://en.m.wikipedia.org/wiki/List_of_towns_and_villages_in_the_Republic_of_Ireland
Borris,Republic of Ireland,https://en.m.wikipedia.org/wiki/List_of_towns_and_villages_in_the_Republic_of_Ireland
Borris-in-Ossory,Republic of Ireland,https://en.m.wikipedia.org/wiki/List_of_towns_and_villages_in_the_Republic_of_Ireland
Borrisokane,Republic of Ireland,https://en.m.wikipedia.org/wiki/List_of_towns_and_villages_in_the_Republic_of_Ireland
Bree,Republic of Ireland,https://en.m.wikipedia.org/wiki/List_of_towns_and_villages_in_the_Republic_of_Ireland
Borrisoleigh,Republic of Ireland,https://en.m.wikipedia.org/wiki/List_of_towns_and_villages_in_the_Republic_of_Ireland
Boston,Republic of Ireland,https://en.m.wikipedia.org/wiki/List_of_towns_and_villages_in_the_Republic_of_Ireland
Bouladuff,Republic of Ireland,https://en.m.wikipedia.org/wiki/List_of_towns_and_villages_in_the_Republic_of_Ireland
Boyerstown,Republic of Ireland,https://en.m.wikipedia.org/wiki/List_of_towns_and_villages_in_the_Republic_of_Ireland
Boyle,Republic of Ireland,https://en.m.wikipedia.org/wiki/List_of_towns_and_villages_in_the_Republic_of_Ireland
Bracknagh,Republic of Ireland,https://en.m.wikipedia.org/wiki/List_of_towns_and_villages_in_the_Republic_of_Ireland
Brandon (Cé Bhréannain),Republic of Ireland,https://en.m.wikipedia.org/wiki/List_of_towns_and_villages_in_the_Republic_of_Ireland
Bray,Republic of Ireland,https://en.m.wikipedia.org/wiki/List_of_towns_and_villages_in_the_Republic_of_Ireland
Breaffy,Republic of Ireland,https://en.m.wikipedia.org/wiki/List_of_towns_and_villages_in_the_Republic_of_Ireland
Brickens,Republic of Ireland,https://en.m.wikipedia.org/wiki/List_of_towns_and_villages_in_the_Republic_of_Ireland
Bridgend,Republic of Ireland,https://en.m.wikipedia.org/wiki/List_of_towns_and_villages_in_the_Republic_of_Ireland
Bridgetown,Republic of Ireland,https://en.m.wikipedia.org/wiki/List_of_towns_and_villages_in_the_Republic_of_Ireland
Brittas,Republic of Ireland,https://en.m.wikipedia.org/wiki/List_of_towns_and_villages_in_the_Republic_of_Ireland
Broadford (Clare),Republic of Ireland,https://en.m.wikipedia.org/wiki/List_of_towns_and_villages_in_the_Republic_of_Ireland
Broadford (Limerick),Republic of Ireland,https://en.m.wikipedia.org/wiki/List_of_towns_and_villages_in_the_Republic_of_Ireland
Broadstone,Republic of Ireland,https://en.m.wikipedia.org/wiki/List_of_towns_and_villages_in_the_Republic_of_Ireland
Broadway,Republic of Ireland,https://en.m.wikipedia.org/wiki/List_of_towns_and_villages_in_the_Republic_of_Ireland
Brosna (Kerry),Republic of Ireland,https://en.m.wikipedia.org/wiki/List_of_towns_and_villages_in_the_Republic_of_Ireland
Brosna (Offaly),Republic of Ireland,https://en.m.wikipedia.org/wiki/List_of_towns_and_villages_in_the_Republic_of_Ireland
Bruckless,Republic of Ireland,https://en.m.wikipedia.org/wiki/List_of_towns_and_villages_in_the_Republic_of_Ireland
Bruff,Republic of Ireland,https://en.m.wikipedia.org/wiki/List_of_towns_and_villages_in_the_Republic_of_Ireland
Buckode,Republic of Ireland,https://en.m.wikipedia.org/wiki/List_of_towns_and_villages_in_the_Republic_of_Ireland
Bullaun,Republic of Ireland,https://en.m.wikipedia.org/wiki/List_of_towns_and_villages_in_the_Republic_of_Ireland
Bunacurry (Bun a' Churraigh),Republic of Ireland,https://en.m.wikipedia.org/wiki/List_of_towns_and_villages_in_the_Republic_of_Ireland
Bunbeg,Republic of Ireland,https://en.m.wikipedia.org/wiki/List_of_towns_and_villages_in_the_Republic_of_Ireland
Buncrana,Republic of Ireland,https://en.m.wikipedia.org/wiki/List_of_towns_and_villages_in_the_Republic_of_Ireland
Bunclody,Republic of Ireland,https://en.m.wikipedia.org/wiki/List_of_towns_and_villages_in_the_Republic_of_Ireland
Bundoran,Republic of Ireland,https://en.m.wikipedia.org/wiki/List_of_towns_and_villages_in_the_Republic_of_Ireland
Bunmahon,Republic of Ireland,https://en.m.wikipedia.org/wiki/List_of_towns_and_villages_in_the_Republic_of_Ireland
Bunnanadden,Republic of Ireland,https://en.m.wikipedia.org/wiki/List_of_towns_and_villages_in_the_Republic_of_Ireland
Bunratty,Republic of Ireland,https://en.m.wikipedia.org/wiki/List_of_towns_and_villages_in_the_Republic_of_Ireland
Burnfoot,Republic of Ireland,https://en.m.wikipedia.org/wiki/List_of_towns_and_villages_in_the_Republic_of_Ireland
Burtonport (Ailt an Chorráin),Republic of Ireland,https://en.m.wikipedia.org/wiki/List_of_towns_and_villages_in_the_Republic_of_Ireland
Butlersbridge,Republic of Ireland,https://en.m.wikipedia.org/wiki/List_of_towns_and_villages_in_the_Republic_of_Ireland
Buttevant,Republic of Ireland,https://en.m.wikipedia.org/wiki/List_of_towns_and_villages_in_the_Republic_of_Ireland
Cabinteely,Republic of Ireland,https://en.m.wikipedia.org/wiki/List_of_towns_and_villages_in_the_Republic_of_Ireland
Cabra,Republic of Ireland,https://en.m.wikipedia.org/wiki/List_of_towns_and_villages_in_the_Republic_of_Ireland
Cadamstown,Republic of Ireland,https://en.m.wikipedia.org/wiki/List_of_towns_and_villages_in_the_Republic_of_Ireland
Caherconlish,Republic of Ireland,https://en.m.wikipedia.org/wiki/List_of_towns_and_villages_in_the_Republic_of_Ireland
Caherdaniel (Cathair Dónall),Republic of Ireland,https://en.m.wikipedia.org/wiki/List_of_towns_and_villages_in_the_Republic_of_Ireland
Cahersiveen,Republic of Ireland,https://en.m.wikipedia.org/wiki/List_of_towns_and_villages_in_the_Republic_of_Ireland
Cahir,Republic of Ireland,https://en.m.wikipedia.org/wiki/List_of_towns_and_villages_in_the_Republic_of_Ireland
Cahiracon,Republic of Ireland,https://en.m.wikipedia.org/wiki/List_of_towns_and_villages_in_the_Republic_of_Ireland
Callan,Republic of Ireland,https://en.m.wikipedia.org/wiki/List_of_towns_and_villages_in_the_Republic_of_Ireland
Caltra,Republic of Ireland,https://en.m.wikipedia.org/wiki/List_of_towns_and_villages_in_the_Republic_of_Ireland
Calverstown,Republic of Ireland,https://en.m.wikipedia.org/wiki/List_of_towns_and_villages_in_the_Republic_of_Ireland
Camp,Republic of Ireland,https://en.m.wikipedia.org/wiki/List_of_towns_and_villages_in_the_Republic_of_Ireland
Campile,Republic of Ireland,https://en.m.wikipedia.org/wiki/List_of_towns_and_villages_in_the_Republic_of_Ireland
Camus,Republic of Ireland,https://en.m.wikipedia.org/wiki/List_of_towns_and_villages_in_the_Republic_of_Ireland
Canningstown,Republic of Ireland,https://en.m.wikipedia.org/wiki/List_of_towns_and_villages_in_the_Republic_of_Ireland
Cappagh,Republic of Ireland,https://en.m.wikipedia.org/wiki/List_of_towns_and_villages_in_the_Republic_of_Ireland
Cappamore,Republic of Ireland,https://en.m.wikipedia.org/wiki/List_of_towns_and_villages_in_the_Republic_of_Ireland
Cappawhite,Republic of Ireland,https://en.m.wikipedia.org/wiki/List_of_towns_and_villages_in_the_Republic_of_Ireland
Caragh,Republic of Ireland,https://en.m.wikipedia.org/wiki/List_of_towns_and_villages_in_the_Republic_of_Ireland
Carlingford,Republic of Ireland,https://en.m.wikipedia.org/wiki/List_of_towns_and_villages_in_the_Republic_of_Ireland
Carlow,Republic of Ireland,https://en.m.wikipedia.org/wiki/List_of_towns_and_villages_in_the_Republic_of_Ireland
Carnaross,Republic of Ireland,https://en.m.wikipedia.org/wiki/List_of_towns_and_villages_in_the_Republic_of_Ireland
Carndonagh,Republic of Ireland,https://en.m.wikipedia.org/wiki/List_of_towns_and_villages_in_the_Republic_of_Ireland
Carran,Republic of Ireland,https://en.m.wikipedia.org/wiki/List_of_towns_and_villages_in_the_Republic_of_Ireland
Carraroe (an Cheathrú Rua),Republic of Ireland,https://en.m.wikipedia.org/wiki/List_of_towns_and_villages_in_the_Republic_of_Ireland
Carrick,Republic of Ireland,https://en.m.wikipedia.org/wiki/List_of_towns_and_villages_in_the_Republic_of_Ireland
Carrickbeg,Republic of Ireland,https://en.m.wikipedia.org/wiki/List_of_towns_and_villages_in_the_Republic_of_Ireland
Carrickmacross,Republic of Ireland,https://en.m.wikipedia.org/wiki/List_of_towns_and_villages_in_the_Republic_of_Ireland
Carrickmines,Republic of Ireland,https://en.m.wikipedia.org/wiki/List_of_towns_and_villages_in_the_Republic_of_Ireland
Carrick-on-Shannon,Republic of Ireland,https://en.m.wikipedia.org/wiki/List_of_towns_and_villages_in_the_Republic_of_Ireland
Carrick-on-Suir,Republic of Ireland,https://en.m.wikipedia.org/wiki/List_of_towns_and_villages_in_the_Republic_of_Ireland
Carrigadrohid,Republic of Ireland,https://en.m.wikipedia.org/wiki/List_of_towns_and_villages_in_the_Republic_of_Ireland
Carrigaholt,Republic of Ireland,https://en.m.wikipedia.org/wiki/List_of_towns_and_villages_in_the_Republic_of_Ireland
Carrigaline,Republic of Ireland,https://en.m.wikipedia.org/wiki/List_of_towns_and_villages_in_the_Republic_of_Ireland
Carrigallen,Republic of Ireland,https://en.m.wikipedia.org/wiki/List_of_towns_and_villages_in_the_Republic_of_Ireland
Carriganima,Republic of Ireland,https://en.m.wikipedia.org/wiki/List_of_towns_and_villages_in_the_Republic_of_Ireland
Carrigans,Republic of Ireland,https://en.m.wikipedia.org/wiki/List_of_towns_and_villages_in_the_Republic_of_Ireland
Carrigart (Carraig Airt),Republic of Ireland,https://en.m.wikipedia.org/wiki/List_of_towns_and_villages_in_the_Republic_of_Ireland
Carrigeen,Republic of Ireland,https://en.m.wikipedia.org/wiki/List_of_towns_and_villages_in_the_Republic_of_Ireland
Carrigtwohill,Republic of Ireland,https://en.m.wikipedia.org/wiki/List_of_towns_and_villages_in_the_Republic_of_Ireland
Carrowteige (Ceathrú Thaidhg),Republic of Ireland,https://en.m.wikipedia.org/wiki/List_of_towns_and_villages_in_the_Republic_of_Ireland
Cashel,Republic of Ireland,https://en.m.wikipedia.org/wiki/List_of_towns_and_villages_in_the_Republic_of_Ireland
Casla,Republic of Ireland,https://en.m.wikipedia.org/wiki/List_of_towns_and_villages_in_the_Republic_of_Ireland
Castlebaldwin,Republic of Ireland,https://en.m.wikipedia.org/wiki/List_of_towns_and_villages_in_the_Republic_of_Ireland
Castlebar,Republic of Ireland,https://en.m.wikipedia.org/wiki/List_of_towns_and_villages_in_the_Republic_of_Ireland
Castlebellingham,Republic of Ireland,https://en.m.wikipedia.org/wiki/List_of_towns_and_villages_in_the_Republic_of_Ireland
Castleblakeney,Republic of Ireland,https://en.m.wikipedia.org/wiki/List_of_towns_and_villages_in_the_Republic_of_Ireland
Castleblayney,Republic of Ireland,https://en.m.wikipedia.org/wiki/List_of_towns_and_villages_in_the_Republic_of_Ireland
Castlebridge,Republic of Ireland,https://en.m.wikipedia.org/wiki/List_of_towns_and_villages_in_the_Republic_of_Ireland
Castlecomer,Republic of Ireland,https://en.m.wikipedia.org/wiki/List_of_towns_and_villages_in_the_Republic_of_Ireland
Castleconnell,Republic of Ireland,https://en.m.wikipedia.org/wiki/List_of_towns_and_villages_in_the_Republic_of_Ireland
Castlecove,Republic of Ireland,https://en.m.wikipedia.org/wiki/List_of_towns_and_villages_in_the_Republic_of_Ireland
Castledaly,Republic of Ireland,https://en.m.wikipedia.org/wiki/List_of_towns_and_villages_in_the_Republic_of_Ireland
Castledermot,Republic of Ireland,https://en.m.wikipedia.org/wiki/List_of_towns_and_villages_in_the_Republic_of_Ireland
Castlefin,Republic of Ireland,https://en.m.wikipedia.org/wiki/List_of_towns_and_villages_in_the_Republic_of_Ireland
Castlegregory,Republic of Ireland,https://en.m.wikipedia.org/wiki/List_of_towns_and_villages_in_the_Republic_of_Ireland
Castlehill,Republic of Ireland,https://en.m.wikipedia.org/wiki/List_of_towns_and_villages_in_the_Republic_of_Ireland
Castleiney,Republic of Ireland,https://en.m.wikipedia.org/wiki/List_of_towns_and_villages_in_the_Republic_of_Ireland
Castleisland,Republic of Ireland,https://en.m.wikipedia.org/wiki/List_of_towns_and_villages_in_the_Republic_of_Ireland
Castlejordan,Republic of Ireland,https://en.m.wikipedia.org/wiki/List_of_towns_and_villages_in_the_Republic_of_Ireland
Castleknock,Republic of Ireland,https://en.m.wikipedia.org/wiki/List_of_towns_and_villages_in_the_Republic_of_Ireland
Castlelyons,Republic of Ireland,https://en.m.wikipedia.org/wiki/List_of_towns_and_villages_in_the_Republic_of_Ireland
Castlemaine,Republic of Ireland,https://en.m.wikipedia.org/wiki/List_of_towns_and_villages_in_the_Republic_of_Ireland
Castlemartyr,Republic of Ireland,https://en.m.wikipedia.org/wiki/List_of_towns_and_villages_in_the_Republic_of_Ireland
Castleplunket,Republic of Ireland,https://en.m.wikipedia.org/wiki/List_of_towns_and_villages_in_the_Republic_of_Ireland
Castlepollard,Republic of Ireland,https://en.m.wikipedia.org/wiki/List_of_towns_and_villages_in_the_Republic_of_Ireland
Castlerea,Republic of Ireland,https://en.m.wikipedia.org/wiki/List_of_towns_and_villages_in_the_Republic_of_Ireland
Castleshane (Monaghan),Republic of Ireland,https://en.m.wikipedia.org/wiki/List_of_towns_and_villages_in_the_Republic_of_Ireland
Castletown (Laois),Republic of Ireland,https://en.m.wikipedia.org/wiki/List_of_towns_and_villages_in_the_Republic_of_Ireland
Castletownbere,Republic of Ireland,https://en.m.wikipedia.org/wiki/List_of_towns_and_villages_in_the_Republic_of_Ireland
Castletown-Geoghegan,Republic of Ireland,https://en.m.wikipedia.org/wiki/List_of_towns_and_villages_in_the_Republic_of_Ireland
Castletown-Kilpatrick,Republic of Ireland,https://en.m.wikipedia.org/wiki/List_of_towns_and_villages_in_the_Republic_of_Ireland
Castletown-Kinneigh,Republic of Ireland,https://en.m.wikipedia.org/wiki/List_of_towns_and_villages_in_the_Republic_of_Ireland
Castletownroche,Republic of Ireland,https://en.m.wikipedia.org/wiki/List_of_towns_and_villages_in_the_Republic_of_Ireland
Castletownshend,Republic of Ireland,https://en.m.wikipedia.org/wiki/List_of_towns_and_villages_in_the_Republic_of_Ireland
Castletroy,Republic of Ireland,https://en.m.wikipedia.org/wiki/List_of_towns_and_villages_in_the_Republic_of_Ireland
Causeway,Republic of Ireland,https://en.m.wikipedia.org/wiki/List_of_towns_and_villages_in_the_Republic_of_Ireland
Cavan,Republic of Ireland,https://en.m.wikipedia.org/wiki/List_of_towns_and_villages_in_the_Republic_of_Ireland
Celbridge,Republic of Ireland,https://en.m.wikipedia.org/wiki/List_of_towns_and_villages_in_the_Republic_of_Ireland
Chapelizod,Republic of Ireland,https://en.m.wikipedia.org/wiki/List_of_towns_and_villages_in_the_Republic_of_Ireland
Chapeltown,Republic of Ireland,https://en.m.wikipedia.org/wiki/List_of_towns_and_villages_in_the_Republic_of_Ireland
Charlestown,Republic of Ireland,https://en.m.wikipedia.org/wiki/List_of_towns_and_villages_in_the_Republic_of_Ireland
Charleville (Ráth Luirc),Republic of Ireland,https://en.m.wikipedia.org/wiki/List_of_towns_and_villages_in_the_Republic_of_Ireland
Cheekpoint,Republic of Ireland,https://en.m.wikipedia.org/wiki/List_of_towns_and_villages_in_the_Republic_of_Ireland
Cherrywood,Republic of Ireland,https://en.m.wikipedia.org/wiki/List_of_towns_and_villages_in_the_Republic_of_Ireland
Church Hill,Republic of Ireland,https://en.m.wikipedia.org/wiki/List_of_towns_and_villages_in_the_Republic_of_Ireland
Churchtown (Cork),Republic of Ireland,https://en.m.wikipedia.org/wiki/List_of_towns_and_villages_in_the_Republic_of_Ireland
Churchtown (Dublin),Republic of Ireland,https://en.m.wikipedia.org/wiki/List_of_towns_and_villages_in_the_Republic_of_Ireland
Cill Ghallagáin,Republic of Ireland,https://en.m.wikipedia.org/wiki/List_of_towns_and_villages_in_the_Republic_of_Ireland
Citywest,Republic of Ireland,https://en.m.wikipedia.org/wiki/List_of_towns_and_villages_in_the_Republic_of_Ireland
Claddaghduff,Republic of Ireland,https://en.m.wikipedia.org/wiki/List_of_towns_and_villages_in_the_Republic_of_Ireland
Clane,Republic of Ireland,https://en.m.wikipedia.org/wiki/List_of_towns_and_villages_in_the_Republic_of_Ireland
Clara (Offaly),Republic of Ireland,https://en.m.wikipedia.org/wiki/List_of_towns_and_villages_in_the_Republic_of_Ireland
Clarecastle,Republic of Ireland,https://en.m.wikipedia.org/wiki/List_of_towns_and_villages_in_the_Republic_of_Ireland
Clareen,Republic of Ireland,https://en.m.wikipedia.org/wiki/List_of_towns_and_villages_in_the_Republic_of_Ireland
Claregalway (Baile Chláir),Republic of Ireland,https://en.m.wikipedia.org/wiki/List_of_towns_and_villages_in_the_Republic_of_Ireland
Claremorris,Republic of Ireland,https://en.m.wikipedia.org/wiki/List_of_towns_and_villages_in_the_Republic_of_Ireland
Clarina,Republic of Ireland,https://en.m.wikipedia.org/wiki/List_of_towns_and_villages_in_the_Republic_of_Ireland
Clashmore,Republic of Ireland,https://en.m.wikipedia.org/wiki/List_of_towns_and_villages_in_the_Republic_of_Ireland
Cleariestown,Republic of Ireland,https://en.m.wikipedia.org/wiki/List_of_towns_and_villages_in_the_Republic_of_Ireland
Cleggan,Republic of Ireland,https://en.m.wikipedia.org/wiki/List_of_towns_and_villages_in_the_Republic_of_Ireland
Clifden,Republic of Ireland,https://en.m.wikipedia.org/wiki/List_of_towns_and_villages_in_the_Republic_of_Ireland
Cliffoney,Republic of Ireland,https://en.m.wikipedia.org/wiki/List_of_towns_and_villages_in_the_Republic_of_Ireland
Clogh,Republic of Ireland,https://en.m.wikipedia.org/wiki/List_of_towns_and_villages_in_the_Republic_of_Ireland
Cloghan (Donegal),Republic of Ireland,https://en.m.wikipedia.org/wiki/List_of_towns_and_villages_in_the_Republic_of_Ireland
Cloghan (Offaly),Republic of Ireland,https://en.m.wikipedia.org/wiki/List_of_towns_and_villages_in_the_Republic_of_Ireland
Cloghane (an Clochán),Republic of Ireland,https://en.m.wikipedia.org/wiki/List_of_towns_and_villages_in_the_Republic_of_Ireland
Clogheen,Republic of Ireland,https://en.m.wikipedia.org/wiki/List_of_towns_and_villages_in_the_Republic_of_Ireland
Clogherhead,Republic of Ireland,https://en.m.wikipedia.org/wiki/List_of_towns_and_villages_in_the_Republic_of_Ireland
Cloghroe,Republic of Ireland,https://en.m.wikipedia.org/wiki/List_of_towns_and_villages_in_the_Republic_of_Ireland
Clohamon,Republic of Ireland,https://en.m.wikipedia.org/wiki/List_of_towns_and_villages_in_the_Republic_of_Ireland
Clonaghadoo,Republic of Ireland,https://en.m.wikipedia.org/wiki/List_of_towns_and_villages_in_the_Republic_of_Ireland
Clonakilty,Republic of Ireland,https://en.m.wikipedia.org/wiki/List_of_towns_and_villages_in_the_Republic_of_Ireland
Clonbur (an Fhairche),Republic of Ireland,https://en.m.wikipedia.org/wiki/List_of_towns_and_villages_in_the_Republic_of_Ireland
Clondalkin,Republic of Ireland,https://en.m.wikipedia.org/wiki/List_of_towns_and_villages_in_the_Republic_of_Ireland
Clondrohid,Republic of Ireland,https://en.m.wikipedia.org/wiki/List_of_towns_and_villages_in_the_Republic_of_Ireland
Clonegal,Republic of Ireland,https://en.m.wikipedia.org/wiki/List_of_towns_and_villages_in_the_Republic_of_Ireland
Clones,Republic of Ireland,https://en.m.wikipedia.org/wiki/List_of_towns_and_villages_in_the_Republic_of_Ireland
Clonfert,Republic of Ireland,https://en.m.wikipedia.org/wiki/List_of_towns_and_villages_in_the_Republic_of_Ireland
Clonlara,Republic of Ireland,https://en.m.wikipedia.org/wiki/List_of_towns_and_villages_in_the_Republic_of_Ireland
Clonliffe,Republic of Ireland,https://en.m.wikipedia.org/wiki/List_of_towns_and_villages_in_the_Republic_of_Ireland
Clonmacnoise,Republic of Ireland,https://en.m.wikipedia.org/wiki/List_of_towns_and_villages_in_the_Republic_of_Ireland
Clonmany,Republic of Ireland,https://en.m.wikipedia.org/wiki/List_of_towns_and_villages_in_the_Republic_of_Ireland
Clonmel,Republic of Ireland,https://en.m.wikipedia.org/wiki/List_of_towns_and_villages_in_the_Republic_of_Ireland
Clonmellon,Republic of Ireland,https://en.m.wikipedia.org/wiki/List_of_towns_and_villages_in_the_Republic_of_Ireland
Clonmore (Carlow),Republic of Ireland,https://en.m.wikipedia.org/wiki/List_of_towns_and_villages_in_the_Republic_of_Ireland
Clonmore (Tipperary),Republic of Ireland,https://en.m.wikipedia.org/wiki/List_of_towns_and_villages_in_the_Republic_of_Ireland
Clonony,Republic of Ireland,https://en.m.wikipedia.org/wiki/List_of_towns_and_villages_in_the_Republic_of_Ireland
Clonoulty,Republic of Ireland,https://en.m.wikipedia.org/wiki/List_of_towns_and_villages_in_the_Republic_of_Ireland
Clonroche,Republic of Ireland,https://en.m.wikipedia.org/wiki/List_of_towns_and_villages_in_the_Republic_of_Ireland
Clonsilla,Republic of Ireland,https://en.m.wikipedia.org/wiki/List_of_towns_and_villages_in_the_Republic_of_Ireland
Clonskeagh,Republic of Ireland,https://en.m.wikipedia.org/wiki/List_of_towns_and_villages_in_the_Republic_of_Ireland
Clontarf,Republic of Ireland,https://en.m.wikipedia.org/wiki/List_of_towns_and_villages_in_the_Republic_of_Ireland
Clontibret,Republic of Ireland,https://en.m.wikipedia.org/wiki/List_of_towns_and_villages_in_the_Republic_of_Ireland
Cloonacool,Republic of Ireland,https://en.m.wikipedia.org/wiki/List_of_towns_and_villages_in_the_Republic_of_Ireland
Cloonbonniffe,Republic of Ireland,https://en.m.wikipedia.org/wiki/List_of_towns_and_villages_in_the_Republic_of_Ireland
Cloondara,Republic of Ireland,https://en.m.wikipedia.org/wiki/List_of_towns_and_villages_in_the_Republic_of_Ireland
Cloone,Republic of Ireland,https://en.m.wikipedia.org/wiki/List_of_towns_and_villages_in_the_Republic_of_Ireland
Cloonfad,Republic of Ireland,https://en.m.wikipedia.org/wiki/List_of_towns_and_villages_in_the_Republic_of_Ireland
Cloonfush,Republic of Ireland,https://en.m.wikipedia.org/wiki/List_of_towns_and_villages_in_the_Republic_of_Ireland
Cloughduv,Republic of Ireland,https://en.m.wikipedia.org/wiki/List_of_towns_and_villages_in_the_Republic_of_Ireland
Cloughjordan,Republic of Ireland,https://en.m.wikipedia.org/wiki/List_of_towns_and_villages_in_the_Republic_of_Ireland
Clounanaha,Republic of Ireland,https://en.m.wikipedia.org/wiki/List_of_towns_and_villages_in_the_Republic_of_Ireland
Cloyne,Republic of Ireland,https://en.m.wikipedia.org/wiki/List_of_towns_and_villages_in_the_Republic_of_Ireland
Coachford,Republic of Ireland,https://en.m.wikipedia.org/wiki/List_of_towns_and_villages_in_the_Republic_of_Ireland
Cobh,Republic of Ireland,https://en.m.wikipedia.org/wiki/List_of_towns_and_villages_in_the_Republic_of_Ireland
Coill Dubh,Republic of Ireland,https://en.m.wikipedia.org/wiki/List_of_towns_and_villages_in_the_Republic_of_Ireland
Colehill,Republic of Ireland,https://en.m.wikipedia.org/wiki/List_of_towns_and_villages_in_the_Republic_of_Ireland
Collinstown,Republic of Ireland,https://en.m.wikipedia.org/wiki/List_of_towns_and_villages_in_the_Republic_of_Ireland
Collon,Republic of Ireland,https://en.m.wikipedia.org/wiki/List_of_towns_and_villages_in_the_Republic_of_Ireland
Collooney,Republic of Ireland,https://en.m.wikipedia.org/wiki/List_of_towns_and_villages_in_the_Republic_of_Ireland
Cong,Republic of Ireland,https://en.m.wikipedia.org/wiki/List_of_towns_and_villages_in_the_Republic_of_Ireland
Conna,Republic of Ireland,https://en.m.wikipedia.org/wiki/List_of_towns_and_villages_in_the_Republic_of_Ireland
Convoy,Republic of Ireland,https://en.m.wikipedia.org/wiki/List_of_towns_and_villages_in_the_Republic_of_Ireland
Coolafancy,Republic of Ireland,https://en.m.wikipedia.org/wiki/List_of_towns_and_villages_in_the_Republic_of_Ireland
Coolaney,Republic of Ireland,https://en.m.wikipedia.org/wiki/List_of_towns_and_villages_in_the_Republic_of_Ireland
Coolboy,Republic of Ireland,https://en.m.wikipedia.org/wiki/List_of_towns_and_villages_in_the_Republic_of_Ireland
Coolderry,Republic of Ireland,https://en.m.wikipedia.org/wiki/List_of_towns_and_villages_in_the_Republic_of_Ireland
Coolgreany,Republic of Ireland,https://en.m.wikipedia.org/wiki/List_of_towns_and_villages_in_the_Republic_of_Ireland
Coolkenno,Republic of Ireland,https://en.m.wikipedia.org/wiki/List_of_towns_and_villages_in_the_Republic_of_Ireland
Coolmine,Republic of Ireland,https://en.m.wikipedia.org/wiki/List_of_towns_and_villages_in_the_Republic_of_Ireland
Coolock,Republic of Ireland,https://en.m.wikipedia.org/wiki/List_of_towns_and_villages_in_the_Republic_of_Ireland
Coolrain,Republic of Ireland,https://en.m.wikipedia.org/wiki/List_of_towns_and_villages_in_the_Republic_of_Ireland
Coonagh,Republic of Ireland,https://en.m.wikipedia.org/wiki/List_of_towns_and_villages_in_the_Republic_of_Ireland
Cooraclare,Republic of Ireland,https://en.m.wikipedia.org/wiki/List_of_towns_and_villages_in_the_Republic_of_Ireland
Cootehall,Republic of Ireland,https://en.m.wikipedia.org/wiki/List_of_towns_and_villages_in_the_Republic_of_Ireland
Cootehill,Republic of Ireland,https://en.m.wikipedia.org/wiki/List_of_towns_and_villages_in_the_Republic_of_Ireland
Corduff,Republic of Ireland,https://en.m.wikipedia.org/wiki/List_of_towns_and_villages_in_the_Republic_of_Ireland
Cork,Republic of Ireland,https://en.m.wikipedia.org/wiki/List_of_towns_and_villages_in_the_Republic_of_Ireland
Corlough,Republic of Ireland,https://en.m.wikipedia.org/wiki/List_of_towns_and_villages_in_the_Republic_of_Ireland
Cornafulla,Republic of Ireland,https://en.m.wikipedia.org/wiki/List_of_towns_and_villages_in_the_Republic_of_Ireland
Cornamona (Corr na Móna),Republic of Ireland,https://en.m.wikipedia.org/wiki/List_of_towns_and_villages_in_the_Republic_of_Ireland
Cornelscourt,Republic of Ireland,https://en.m.wikipedia.org/wiki/List_of_towns_and_villages_in_the_Republic_of_Ireland
Corofin (Clare),Republic of Ireland,https://en.m.wikipedia.org/wiki/List_of_towns_and_villages_in_the_Republic_of_Ireland
Corofin (Galway),Republic of Ireland,https://en.m.wikipedia.org/wiki/List_of_towns_and_villages_in_the_Republic_of_Ireland
Corroy,Republic of Ireland,https://en.m.wikipedia.org/wiki/List_of_towns_and_villages_in_the_Republic_of_Ireland
Courtmacsherry,Republic of Ireland,https://en.m.wikipedia.org/wiki/List_of_towns_and_villages_in_the_Republic_of_Ireland
Courtown,Republic of Ireland,https://en.m.wikipedia.org/wiki/List_of_towns_and_villages_in_the_Republic_of_Ireland
Craanford,Republic of Ireland,https://en.m.wikipedia.org/wiki/List_of_towns_and_villages_in_the_Republic_of_Ireland
Cranford,Republic of Ireland,https://en.m.wikipedia.org/wiki/List_of_towns_and_villages_in_the_Republic_of_Ireland
Cratloe,Republic of Ireland,https://en.m.wikipedia.org/wiki/List_of_towns_and_villages_in_the_Republic_of_Ireland
Craughwell,Republic of Ireland,https://en.m.wikipedia.org/wiki/List_of_towns_and_villages_in_the_Republic_of_Ireland
Crecora,Republic of Ireland,https://en.m.wikipedia.org/wiki/List_of_towns_and_villages_in_the_Republic_of_Ireland
Cree,Republic of Ireland,https://en.m.wikipedia.org/wiki/List_of_towns_and_villages_in_the_Republic_of_Ireland
Creeslough,Republic of Ireland,https://en.m.wikipedia.org/wiki/List_of_towns_and_villages_in_the_Republic_of_Ireland
Cregganbaun,Republic of Ireland,https://en.m.wikipedia.org/wiki/List_of_towns_and_villages_in_the_Republic_of_Ireland
Creggs,Republic of Ireland,https://en.m.wikipedia.org/wiki/List_of_towns_and_villages_in_the_Republic_of_Ireland
Crettyard,Republic of Ireland,https://en.m.wikipedia.org/wiki/List_of_towns_and_villages_in_the_Republic_of_Ireland
Croagh,Republic of Ireland,https://en.m.wikipedia.org/wiki/List_of_towns_and_villages_in_the_Republic_of_Ireland
Croghan,Republic of Ireland,https://en.m.wikipedia.org/wiki/List_of_towns_and_villages_in_the_Republic_of_Ireland
Crolly Croithlí,Republic of Ireland,https://en.m.wikipedia.org/wiki/List_of_towns_and_villages_in_the_Republic_of_Ireland
Crookhaven,Republic of Ireland,https://en.m.wikipedia.org/wiki/List_of_towns_and_villages_in_the_Republic_of_Ireland
Crookstown (Cork),Republic of Ireland,https://en.m.wikipedia.org/wiki/List_of_towns_and_villages_in_the_Republic_of_Ireland
Crookstown (Kildare),Republic of Ireland,https://en.m.wikipedia.org/wiki/List_of_towns_and_villages_in_the_Republic_of_Ireland
Croom,Republic of Ireland,https://en.m.wikipedia.org/wiki/List_of_towns_and_villages_in_the_Republic_of_Ireland
Cross,Republic of Ireland,https://en.m.wikipedia.org/wiki/List_of_towns_and_villages_in_the_Republic_of_Ireland
Crossabeg,Republic of Ireland,https://en.m.wikipedia.org/wiki/List_of_towns_and_villages_in_the_Republic_of_Ireland
Crossbarry,Republic of Ireland,https://en.m.wikipedia.org/wiki/List_of_towns_and_villages_in_the_Republic_of_Ireland
Crossdoney,Republic of Ireland,https://en.m.wikipedia.org/wiki/List_of_towns_and_villages_in_the_Republic_of_Ireland
Crosshaven,Republic of Ireland,https://en.m.wikipedia.org/wiki/List_of_towns_and_villages_in_the_Republic_of_Ireland
Crossmolina,Republic of Ireland,https://en.m.wikipedia.org/wiki/List_of_towns_and_villages_in_the_Republic_of_Ireland
Crumlin,Republic of Ireland,https://en.m.wikipedia.org/wiki/List_of_towns_and_villages_in_the_Republic_of_Ireland
Coolea (Cúil Aodha),Republic of Ireland,https://en.m.wikipedia.org/wiki/List_of_towns_and_villages_in_the_Republic_of_Ireland
Culdaff,Republic of Ireland,https://en.m.wikipedia.org/wiki/List_of_towns_and_villages_in_the_Republic_of_Ireland
Cullen (Cork),Republic of Ireland,https://en.m.wikipedia.org/wiki/List_of_towns_and_villages_in_the_Republic_of_Ireland
Cullen (Tipperary),Republic of Ireland,https://en.m.wikipedia.org/wiki/List_of_towns_and_villages_in_the_Republic_of_Ireland
Cullenstown,Republic of Ireland,https://en.m.wikipedia.org/wiki/List_of_towns_and_villages_in_the_Republic_of_Ireland
Cullohill,Republic of Ireland,https://en.m.wikipedia.org/wiki/List_of_towns_and_villages_in_the_Republic_of_Ireland
Curracloe,Republic of Ireland,https://en.m.wikipedia.org/wiki/List_of_towns_and_villages_in_the_Republic_of_Ireland
Curraghboy,Republic of Ireland,https://en.m.wikipedia.org/wiki/List_of_towns_and_villages_in_the_Republic_of_Ireland
Currans,Republic of Ireland,https://en.m.wikipedia.org/wiki/List_of_towns_and_villages_in_the_Republic_of_Ireland
Currow,Republic of Ireland,https://en.m.wikipedia.org/wiki/List_of_towns_and_villages_in_the_Republic_of_Ireland
Cushina,Republic of Ireland,https://en.m.wikipedia.org/wiki/List_of_towns_and_villages_in_the_Republic_of_Ireland
Cushinstown,Republic of Ireland,https://en.m.wikipedia.org/wiki/List_of_towns_and_villages_in_the_Republic_of_Ireland
Daingean,Republic of Ireland,https://en.m.wikipedia.org/wiki/List_of_towns_and_villages_in_the_Republic_of_Ireland
Dalkey,Republic of Ireland,https://en.m.wikipedia.org/wiki/List_of_towns_and_villages_in_the_Republic_of_Ireland
Daly's Cross,Republic of Ireland,https://en.m.wikipedia.org/wiki/List_of_towns_and_villages_in_the_Republic_of_Ireland
Dartry,Republic of Ireland,https://en.m.wikipedia.org/wiki/List_of_towns_and_villages_in_the_Republic_of_Ireland
Deansgrange,Republic of Ireland,https://en.m.wikipedia.org/wiki/List_of_towns_and_villages_in_the_Republic_of_Ireland
Delphi,Republic of Ireland,https://en.m.wikipedia.org/wiki/List_of_towns_and_villages_in_the_Republic_of_Ireland
Delvin,Republic of Ireland,https://en.m.wikipedia.org/wiki/List_of_towns_and_villages_in_the_Republic_of_Ireland
Derrew,Republic of Ireland,https://en.m.wikipedia.org/wiki/List_of_towns_and_villages_in_the_Republic_of_Ireland
Derrinturn,Republic of Ireland,https://en.m.wikipedia.org/wiki/List_of_towns_and_villages_in_the_Republic_of_Ireland
Derrybeg (Doirí Beaga),Republic of Ireland,https://en.m.wikipedia.org/wiki/List_of_towns_and_villages_in_the_Republic_of_Ireland
Derrybrien,Republic of Ireland,https://en.m.wikipedia.org/wiki/List_of_towns_and_villages_in_the_Republic_of_Ireland
Derrynane,Republic of Ireland,https://en.m.wikipedia.org/wiki/List_of_towns_and_villages_in_the_Republic_of_Ireland
Dingle (Daingean Uí Chúis),Republic of Ireland,https://en.m.wikipedia.org/wiki/List_of_towns_and_villages_in_the_Republic_of_Ireland
Dolla,Republic of Ireland,https://en.m.wikipedia.org/wiki/List_of_towns_and_villages_in_the_Republic_of_Ireland
Dollymount,Republic of Ireland,https://en.m.wikipedia.org/wiki/List_of_towns_and_villages_in_the_Republic_of_Ireland
Dolphin's Barn,Republic of Ireland,https://en.m.wikipedia.org/wiki/List_of_towns_and_villages_in_the_Republic_of_Ireland
Donabate,Republic of Ireland,https://en.m.wikipedia.org/wiki/List_of_towns_and_villages_in_the_Republic_of_Ireland
Donaghmede,Republic of Ireland,https://en.m.wikipedia.org/wiki/List_of_towns_and_villages_in_the_Republic_of_Ireland
Donaghmore,Republic of Ireland,https://en.m.wikipedia.org/wiki/List_of_towns_and_villages_in_the_Republic_of_Ireland
Donegal,Republic of Ireland,https://en.m.wikipedia.org/wiki/List_of_towns_and_villages_in_the_Republic_of_Ireland
Doneraile,Republic of Ireland,https://en.m.wikipedia.org/wiki/List_of_towns_and_villages_in_the_Republic_of_Ireland
Donnybrook,Republic of Ireland,https://en.m.wikipedia.org/wiki/List_of_towns_and_villages_in_the_Republic_of_Ireland
Donnycarney,Republic of Ireland,https://en.m.wikipedia.org/wiki/List_of_towns_and_villages_in_the_Republic_of_Ireland
Doochary (an Dúchoraidh),Republic of Ireland,https://en.m.wikipedia.org/wiki/List_of_towns_and_villages_in_the_Republic_of_Ireland
Dooega (Dumha Éige),Republic of Ireland,https://en.m.wikipedia.org/wiki/List_of_towns_and_villages_in_the_Republic_of_Ireland
Doohoma,Republic of Ireland,https://en.m.wikipedia.org/wiki/List_of_towns_and_villages_in_the_Republic_of_Ireland
Doolin,Republic of Ireland,https://en.m.wikipedia.org/wiki/List_of_towns_and_villages_in_the_Republic_of_Ireland
Doon (Limerick),Republic of Ireland,https://en.m.wikipedia.org/wiki/List_of_towns_and_villages_in_the_Republic_of_Ireland
Doon (Offaly),Republic of Ireland,https://en.m.wikipedia.org/wiki/List_of_towns_and_villages_in_the_Republic_of_Ireland
Doonaha,Republic of Ireland,https://en.m.wikipedia.org/wiki/List_of_towns_and_villages_in_the_Republic_of_Ireland
Doonbeg,Republic of Ireland,https://en.m.wikipedia.org/wiki/List_of_towns_and_villages_in_the_Republic_of_Ireland
Dooniver (Dún Ibhir),Republic of Ireland,https://en.m.wikipedia.org/wiki/List_of_towns_and_villages_in_the_Republic_of_Ireland
Douglas,Republic of Ireland,https://en.m.wikipedia.org/wiki/List_of_towns_and_villages_in_the_Republic_of_Ireland
Downings (Na Dúnaibh),Republic of Ireland,https://en.m.wikipedia.org/wiki/List_of_towns_and_villages_in_the_Republic_of_Ireland
Dowra,Republic of Ireland,https://en.m.wikipedia.org/wiki/List_of_towns_and_villages_in_the_Republic_of_Ireland
Drimnagh,Republic of Ireland,https://en.m.wikipedia.org/wiki/List_of_towns_and_villages_in_the_Republic_of_Ireland
Drimoleague,Republic of Ireland,https://en.m.wikipedia.org/wiki/List_of_towns_and_villages_in_the_Republic_of_Ireland
Dripsey,Republic of Ireland,https://en.m.wikipedia.org/wiki/List_of_towns_and_villages_in_the_Republic_of_Ireland
Drinagh,Republic of Ireland,https://en.m.wikipedia.org/wiki/List_of_towns_and_villages_in_the_Republic_of_Ireland
Drogheda,Republic of Ireland,https://en.m.wikipedia.org/wiki/List_of_towns_and_villages_in_the_Republic_of_Ireland
Dromahair,Republic of Ireland,https://en.m.wikipedia.org/wiki/List_of_towns_and_villages_in_the_Republic_of_Ireland
Dromahane,Republic of Ireland,https://en.m.wikipedia.org/wiki/List_of_towns_and_villages_in_the_Republic_of_Ireland
Dromcolliher,Republic of Ireland,https://en.m.wikipedia.org/wiki/List_of_towns_and_villages_in_the_Republic_of_Ireland
Dromineer,Republic of Ireland,https://en.m.wikipedia.org/wiki/List_of_towns_and_villages_in_the_Republic_of_Ireland
Dromiskin,Republic of Ireland,https://en.m.wikipedia.org/wiki/List_of_towns_and_villages_in_the_Republic_of_Ireland
Dromod,Republic of Ireland,https://en.m.wikipedia.org/wiki/List_of_towns_and_villages_in_the_Republic_of_Ireland
Dromore West,Republic of Ireland,https://en.m.wikipedia.org/wiki/List_of_towns_and_villages_in_the_Republic_of_Ireland
Drum (Monaghan),Republic of Ireland,https://en.m.wikipedia.org/wiki/List_of_towns_and_villages_in_the_Republic_of_Ireland
Drum (Roscommon),Republic of Ireland,https://en.m.wikipedia.org/wiki/List_of_towns_and_villages_in_the_Republic_of_Ireland
Drumcliff,Republic of Ireland,https://en.m.wikipedia.org/wiki/List_of_towns_and_villages_in_the_Republic_of_Ireland
Drumcondra,Republic of Ireland,https://en.m.wikipedia.org/wiki/List_of_towns_and_villages_in_the_Republic_of_Ireland
Drumkeeran,Republic of Ireland,https://en.m.wikipedia.org/wiki/List_of_towns_and_villages_in_the_Republic_of_Ireland
Drumlish,Republic of Ireland,https://en.m.wikipedia.org/wiki/List_of_towns_and_villages_in_the_Republic_of_Ireland
Drummin,Republic of Ireland,https://en.m.wikipedia.org/wiki/List_of_towns_and_villages_in_the_Republic_of_Ireland
Drumraney,Republic of Ireland,https://en.m.wikipedia.org/wiki/List_of_towns_and_villages_in_the_Republic_of_Ireland
Drumshanbo,Republic of Ireland,https://en.m.wikipedia.org/wiki/List_of_towns_and_villages_in_the_Republic_of_Ireland
Drumsna,Republic of Ireland,https://en.m.wikipedia.org/wiki/List_of_towns_and_villages_in_the_Republic_of_Ireland
Duagh,Republic of Ireland,https://en.m.wikipedia.org/wiki/List_of_towns_and_villages_in_the_Republic_of_Ireland
Dualla,Republic of Ireland,https://en.m.wikipedia.org/wiki/List_of_towns_and_villages_in_the_Republic_of_Ireland
Dublin,Republic of Ireland,https://en.m.wikipedia.org/wiki/List_of_towns_and_villages_in_the_Republic_of_Ireland
Duhallow,Republic of Ireland,https://en.m.wikipedia.org/wiki/List_of_towns_and_villages_in_the_Republic_of_Ireland
Duleek,Republic of Ireland,https://en.m.wikipedia.org/wiki/List_of_towns_and_villages_in_the_Republic_of_Ireland
Dunboyne,Republic of Ireland,https://en.m.wikipedia.org/wiki/List_of_towns_and_villages_in_the_Republic_of_Ireland
Duncannon,Republic of Ireland,https://en.m.wikipedia.org/wiki/List_of_towns_and_villages_in_the_Republic_of_Ireland
Duncormick,Republic of Ireland,https://en.m.wikipedia.org/wiki/List_of_towns_and_villages_in_the_Republic_of_Ireland
Dundalk,Republic of Ireland,https://en.m.wikipedia.org/wiki/List_of_towns_and_villages_in_the_Republic_of_Ireland
Dunderrow,Republic of Ireland,https://en.m.wikipedia.org/wiki/List_of_towns_and_villages_in_the_Republic_of_Ireland
Dundrum (Dublin),Republic of Ireland,https://en.m.wikipedia.org/wiki/List_of_towns_and_villages_in_the_Republic_of_Ireland
Dundrum (Tipperary),Republic of Ireland,https://en.m.wikipedia.org/wiki/List_of_towns_and_villages_in_the_Republic_of_Ireland
Dunfanaghy,Republic of Ireland,https://en.m.wikipedia.org/wiki/List_of_towns_and_villages_in_the_Republic_of_Ireland
Dungarvan (Waterford),Republic of Ireland,https://en.m.wikipedia.org/wiki/List_of_towns_and_villages_in_the_Republic_of_Ireland
Dungarvan (Kilkenny),Republic of Ireland,https://en.m.wikipedia.org/wiki/List_of_towns_and_villages_in_the_Republic_of_Ireland
Dungloe (an Clochán Liath),Republic of Ireland,https://en.m.wikipedia.org/wiki/List_of_towns_and_villages_in_the_Republic_of_Ireland
Dungourney,Republic of Ireland,https://en.m.wikipedia.org/wiki/List_of_towns_and_villages_in_the_Republic_of_Ireland
Dunkineely,Republic of Ireland,https://en.m.wikipedia.org/wiki/List_of_towns_and_villages_in_the_Republic_of_Ireland
Dún Laoghaire,Republic of Ireland,https://en.m.wikipedia.org/wiki/List_of_towns_and_villages_in_the_Republic_of_Ireland
Dunlavin,Republic of Ireland,https://en.m.wikipedia.org/wiki/List_of_towns_and_villages_in_the_Republic_of_Ireland
Dunleer,Republic of Ireland,https://en.m.wikipedia.org/wiki/List_of_towns_and_villages_in_the_Republic_of_Ireland
Dunmanway,Republic of Ireland,https://en.m.wikipedia.org/wiki/List_of_towns_and_villages_in_the_Republic_of_Ireland
Dunmore,Republic of Ireland,https://en.m.wikipedia.org/wiki/List_of_towns_and_villages_in_the_Republic_of_Ireland
Dunmore East,Republic of Ireland,https://en.m.wikipedia.org/wiki/List_of_towns_and_villages_in_the_Republic_of_Ireland
Dunquin (Dún Chaoin),Republic of Ireland,https://en.m.wikipedia.org/wiki/List_of_towns_and_villages_in_the_Republic_of_Ireland
Dunshaughlin,Republic of Ireland,https://en.m.wikipedia.org/wiki/List_of_towns_and_villages_in_the_Republic_of_Ireland
Durrow (Laois),Republic of Ireland,https://en.m.wikipedia.org/wiki/List_of_towns_and_villages_in_the_Republic_of_Ireland
Durrow (Offaly),Republic of Ireland,https://en.m.wikipedia.org/wiki/List_of_towns_and_villages_in_the_Republic_of_Ireland
Durrus,Republic of Ireland,https://en.m.wikipedia.org/wiki/List_of_towns_and_villages_in_the_Republic_of_Ireland
Dysart (Roscommon),Republic of Ireland,https://en.m.wikipedia.org/wiki/List_of_towns_and_villages_in_the_Republic_of_Ireland
Dysart (Westmeath),Republic of Ireland,https://en.m.wikipedia.org/wiki/List_of_towns_and_villages_in_the_Republic_of_Ireland
Eadestown,Republic of Ireland,https://en.m.wikipedia.org/wiki/List_of_towns_and_villages_in_the_Republic_of_Ireland
Easky,Republic of Ireland,https://en.m.wikipedia.org/wiki/List_of_towns_and_villages_in_the_Republic_of_Ireland
East Wall,Republic of Ireland,https://en.m.wikipedia.org/wiki/List_of_towns_and_villages_in_the_Republic_of_Ireland
Edenderry,Republic of Ireland,https://en.m.wikipedia.org/wiki/List_of_towns_and_villages_in_the_Republic_of_Ireland
Edgeworthstown (Mostrim),Republic of Ireland,https://en.m.wikipedia.org/wiki/List_of_towns_and_villages_in_the_Republic_of_Ireland
Effin,Republic of Ireland,https://en.m.wikipedia.org/wiki/List_of_towns_and_villages_in_the_Republic_of_Ireland
Elphin,Republic of Ireland,https://en.m.wikipedia.org/wiki/List_of_towns_and_villages_in_the_Republic_of_Ireland
Emly,Republic of Ireland,https://en.m.wikipedia.org/wiki/List_of_towns_and_villages_in_the_Republic_of_Ireland
Emo,Republic of Ireland,https://en.m.wikipedia.org/wiki/List_of_towns_and_villages_in_the_Republic_of_Ireland
Emyvale,Republic of Ireland,https://en.m.wikipedia.org/wiki/List_of_towns_and_villages_in_the_Republic_of_Ireland
Enfield,Republic of Ireland,https://en.m.wikipedia.org/wiki/List_of_towns_and_villages_in_the_Republic_of_Ireland
Ennis,Republic of Ireland,https://en.m.wikipedia.org/wiki/List_of_towns_and_villages_in_the_Republic_of_Ireland
Enniscrone,Republic of Ireland,https://en.m.wikipedia.org/wiki/List_of_towns_and_villages_in_the_Republic_of_Ireland
Enniscorthy,Republic of Ireland,https://en.m.wikipedia.org/wiki/List_of_towns_and_villages_in_the_Republic_of_Ireland
Enniskerry,Republic of Ireland,https://en.m.wikipedia.org/wiki/List_of_towns_and_villages_in_the_Republic_of_Ireland
Ennistymon,Republic of Ireland,https://en.m.wikipedia.org/wiki/List_of_towns_and_villages_in_the_Republic_of_Ireland
Errew,Republic of Ireland,https://en.m.wikipedia.org/wiki/List_of_towns_and_villages_in_the_Republic_of_Ireland
Errill,Republic of Ireland,https://en.m.wikipedia.org/wiki/List_of_towns_and_villages_in_the_Republic_of_Ireland
Eyeries,Republic of Ireland,https://en.m.wikipedia.org/wiki/List_of_towns_and_villages_in_the_Republic_of_Ireland
Eyrecourt,Republic of Ireland,https://en.m.wikipedia.org/wiki/List_of_towns_and_villages_in_the_Republic_of_Ireland
Fahamore,Republic of Ireland,https://en.m.wikipedia.org/wiki/List_of_towns_and_villages_in_the_Republic_of_Ireland
Fahan,Republic of Ireland,https://en.m.wikipedia.org/wiki/List_of_towns_and_villages_in_the_Republic_of_Ireland
Falcarragh (an Fál Carrach),Republic of Ireland,https://en.m.wikipedia.org/wiki/List_of_towns_and_villages_in_the_Republic_of_Ireland
Fallmore,Republic of Ireland,https://en.m.wikipedia.org/wiki/List_of_towns_and_villages_in_the_Republic_of_Ireland
Fanore,Republic of Ireland,https://en.m.wikipedia.org/wiki/List_of_towns_and_villages_in_the_Republic_of_Ireland
Farranfore,Republic of Ireland,https://en.m.wikipedia.org/wiki/List_of_towns_and_villages_in_the_Republic_of_Ireland
Feakle,Republic of Ireland,https://en.m.wikipedia.org/wiki/List_of_towns_and_villages_in_the_Republic_of_Ireland
Fedamore,Republic of Ireland,https://en.m.wikipedia.org/wiki/List_of_towns_and_villages_in_the_Republic_of_Ireland
Fenagh (Leitrim),Republic of Ireland,https://en.m.wikipedia.org/wiki/List_of_towns_and_villages_in_the_Republic_of_Ireland
Feenagh (Limerick),Republic of Ireland,https://en.m.wikipedia.org/wiki/List_of_towns_and_villages_in_the_Republic_of_Ireland
Fennagh (Carlow),Republic of Ireland,https://en.m.wikipedia.org/wiki/List_of_towns_and_villages_in_the_Republic_of_Ireland
Feohanagh (an Fheothanach),Republic of Ireland,https://en.m.wikipedia.org/wiki/List_of_towns_and_villages_in_the_Republic_of_Ireland
Ferbane,Republic of Ireland,https://en.m.wikipedia.org/wiki/List_of_towns_and_villages_in_the_Republic_of_Ireland
Fenit,Republic of Ireland,https://en.m.wikipedia.org/wiki/List_of_towns_and_villages_in_the_Republic_of_Ireland
Fermoy,Republic of Ireland,https://en.m.wikipedia.org/wiki/List_of_towns_and_villages_in_the_Republic_of_Ireland
Ferns,Republic of Ireland,https://en.m.wikipedia.org/wiki/List_of_towns_and_villages_in_the_Republic_of_Ireland
Fethard,Republic of Ireland,https://en.m.wikipedia.org/wiki/List_of_towns_and_villages_in_the_Republic_of_Ireland
Fethard-on-Sea,Republic of Ireland,https://en.m.wikipedia.org/wiki/List_of_towns_and_villages_in_the_Republic_of_Ireland
Fiddown,Republic of Ireland,https://en.m.wikipedia.org/wiki/List_of_towns_and_villages_in_the_Republic_of_Ireland
Firies,Republic of Ireland,https://en.m.wikipedia.org/wiki/List_of_towns_and_villages_in_the_Republic_of_Ireland
Finglas,Republic of Ireland,https://en.m.wikipedia.org/wiki/List_of_towns_and_villages_in_the_Republic_of_Ireland
Finnea,Republic of Ireland,https://en.m.wikipedia.org/wiki/List_of_towns_and_villages_in_the_Republic_of_Ireland
Fintown (Baile na Finne),Republic of Ireland,https://en.m.wikipedia.org/wiki/List_of_towns_and_villages_in_the_Republic_of_Ireland
Finuge,Republic of Ireland,https://en.m.wikipedia.org/wiki/List_of_towns_and_villages_in_the_Republic_of_Ireland
Firhouse,Republic of Ireland,https://en.m.wikipedia.org/wiki/List_of_towns_and_villages_in_the_Republic_of_Ireland
Flagmount,Republic of Ireland,https://en.m.wikipedia.org/wiki/List_of_towns_and_villages_in_the_Republic_of_Ireland
Fossa,Republic of Ireland,https://en.m.wikipedia.org/wiki/List_of_towns_and_villages_in_the_Republic_of_Ireland
Foulkesmill,Republic of Ireland,https://en.m.wikipedia.org/wiki/List_of_towns_and_villages_in_the_Republic_of_Ireland
Fountainstown,Republic of Ireland,https://en.m.wikipedia.org/wiki/List_of_towns_and_villages_in_the_Republic_of_Ireland
Foxford,Republic of Ireland,https://en.m.wikipedia.org/wiki/List_of_towns_and_villages_in_the_Republic_of_Ireland
Foxrock,Republic of Ireland,https://en.m.wikipedia.org/wiki/List_of_towns_and_villages_in_the_Republic_of_Ireland
Foynes,Republic of Ireland,https://en.m.wikipedia.org/wiki/List_of_towns_and_villages_in_the_Republic_of_Ireland
Frenchpark,Republic of Ireland,https://en.m.wikipedia.org/wiki/List_of_towns_and_villages_in_the_Republic_of_Ireland
Freshford,Republic of Ireland,https://en.m.wikipedia.org/wiki/List_of_towns_and_villages_in_the_Republic_of_Ireland
Frosses,Republic of Ireland,https://en.m.wikipedia.org/wiki/List_of_towns_and_villages_in_the_Republic_of_Ireland
Furbo,Republic of Ireland,https://en.m.wikipedia.org/wiki/List_of_towns_and_villages_in_the_Republic_of_Ireland
Galbally,Republic of Ireland,https://en.m.wikipedia.org/wiki/List_of_towns_and_villages_in_the_Republic_of_Ireland
Galmoy,Republic of Ireland,https://en.m.wikipedia.org/wiki/List_of_towns_and_villages_in_the_Republic_of_Ireland
Galway,Republic of Ireland,https://en.m.wikipedia.org/wiki/List_of_towns_and_villages_in_the_Republic_of_Ireland
Garrafrauns,Republic of Ireland,https://en.m.wikipedia.org/wiki/List_of_towns_and_villages_in_the_Republic_of_Ireland
Garrienderk,Republic of Ireland,https://en.m.wikipedia.org/wiki/List_of_towns_and_villages_in_the_Republic_of_Ireland
Garristown,Republic of Ireland,https://en.m.wikipedia.org/wiki/List_of_towns_and_villages_in_the_Republic_of_Ireland
Garryspillane,Republic of Ireland,https://en.m.wikipedia.org/wiki/List_of_towns_and_villages_in_the_Republic_of_Ireland
Geesala,Republic of Ireland,https://en.m.wikipedia.org/wiki/List_of_towns_and_villages_in_the_Republic_of_Ireland
Geevagh,Republic of Ireland,https://en.m.wikipedia.org/wiki/List_of_towns_and_villages_in_the_Republic_of_Ireland
Glandore,Republic of Ireland,https://en.m.wikipedia.org/wiki/List_of_towns_and_villages_in_the_Republic_of_Ireland
Glangevlin,Republic of Ireland,https://en.m.wikipedia.org/wiki/List_of_towns_and_villages_in_the_Republic_of_Ireland
Glanmire,Republic of Ireland,https://en.m.wikipedia.org/wiki/List_of_towns_and_villages_in_the_Republic_of_Ireland
Glanworth,Republic of Ireland,https://en.m.wikipedia.org/wiki/List_of_towns_and_villages_in_the_Republic_of_Ireland
Glasheen,Republic of Ireland,https://en.m.wikipedia.org/wiki/List_of_towns_and_villages_in_the_Republic_of_Ireland
Glaslough,Republic of Ireland,https://en.m.wikipedia.org/wiki/List_of_towns_and_villages_in_the_Republic_of_Ireland
Glasnevin,Republic of Ireland,https://en.m.wikipedia.org/wiki/List_of_towns_and_villages_in_the_Republic_of_Ireland
Glassan,Republic of Ireland,https://en.m.wikipedia.org/wiki/List_of_towns_and_villages_in_the_Republic_of_Ireland
Glasthule,Republic of Ireland,https://en.m.wikipedia.org/wiki/List_of_towns_and_villages_in_the_Republic_of_Ireland
Glen,Republic of Ireland,https://en.m.wikipedia.org/wiki/List_of_towns_and_villages_in_the_Republic_of_Ireland
Glenamaddy,Republic of Ireland,https://en.m.wikipedia.org/wiki/List_of_towns_and_villages_in_the_Republic_of_Ireland
Glenageary,Republic of Ireland,https://en.m.wikipedia.org/wiki/List_of_towns_and_villages_in_the_Republic_of_Ireland
Glenamoy,Republic of Ireland,https://en.m.wikipedia.org/wiki/List_of_towns_and_villages_in_the_Republic_of_Ireland
Glenbrook,Republic of Ireland,https://en.m.wikipedia.org/wiki/List_of_towns_and_villages_in_the_Republic_of_Ireland
Glencolmcille (Gleann Cholm Cille),Republic of Ireland,https://en.m.wikipedia.org/wiki/List_of_towns_and_villages_in_the_Republic_of_Ireland
Glencullen,Republic of Ireland,https://en.m.wikipedia.org/wiki/List_of_towns_and_villages_in_the_Republic_of_Ireland
Gleneely,Republic of Ireland,https://en.m.wikipedia.org/wiki/List_of_towns_and_villages_in_the_Republic_of_Ireland
Glenealy,Republic of Ireland,https://en.m.wikipedia.org/wiki/List_of_towns_and_villages_in_the_Republic_of_Ireland
Glenfarne,Republic of Ireland,https://en.m.wikipedia.org/wiki/List_of_towns_and_villages_in_the_Republic_of_Ireland
Glengad,Republic of Ireland,https://en.m.wikipedia.org/wiki/List_of_towns_and_villages_in_the_Republic_of_Ireland
Glengarriff,Republic of Ireland,https://en.m.wikipedia.org/wiki/List_of_towns_and_villages_in_the_Republic_of_Ireland
Glenhest,Republic of Ireland,https://en.m.wikipedia.org/wiki/List_of_towns_and_villages_in_the_Republic_of_Ireland
Glenties,Republic of Ireland,https://en.m.wikipedia.org/wiki/List_of_towns_and_villages_in_the_Republic_of_Ireland
Glin,Republic of Ireland,https://en.m.wikipedia.org/wiki/List_of_towns_and_villages_in_the_Republic_of_Ireland
"Glinsk, County Galway",Republic of Ireland,https://en.m.wikipedia.org/wiki/List_of_towns_and_villages_in_the_Republic_of_Ireland
"Glinsk, County Mayo",Republic of Ireland,https://en.m.wikipedia.org/wiki/List_of_towns_and_villages_in_the_Republic_of_Ireland
Glounthaune,Republic of Ireland,https://en.m.wikipedia.org/wiki/List_of_towns_and_villages_in_the_Republic_of_Ireland
Gneeveguilla,Republic of Ireland,https://en.m.wikipedia.org/wiki/List_of_towns_and_villages_in_the_Republic_of_Ireland
Goatstown,Republic of Ireland,https://en.m.wikipedia.org/wiki/List_of_towns_and_villages_in_the_Republic_of_Ireland
Golden,Republic of Ireland,https://en.m.wikipedia.org/wiki/List_of_towns_and_villages_in_the_Republic_of_Ireland
Goleen,Republic of Ireland,https://en.m.wikipedia.org/wiki/List_of_towns_and_villages_in_the_Republic_of_Ireland
Goresbridge,Republic of Ireland,https://en.m.wikipedia.org/wiki/List_of_towns_and_villages_in_the_Republic_of_Ireland
Gorey,Republic of Ireland,https://en.m.wikipedia.org/wiki/List_of_towns_and_villages_in_the_Republic_of_Ireland
Gormanston,Republic of Ireland,https://en.m.wikipedia.org/wiki/List_of_towns_and_villages_in_the_Republic_of_Ireland
Gort,Republic of Ireland,https://en.m.wikipedia.org/wiki/List_of_towns_and_villages_in_the_Republic_of_Ireland
Gortahork (Gort a' Choirce),Republic of Ireland,https://en.m.wikipedia.org/wiki/List_of_towns_and_villages_in_the_Republic_of_Ireland
Gorteen,Republic of Ireland,https://en.m.wikipedia.org/wiki/List_of_towns_and_villages_in_the_Republic_of_Ireland
Gortnahoe,Republic of Ireland,https://en.m.wikipedia.org/wiki/List_of_towns_and_villages_in_the_Republic_of_Ireland
Gortnavern,Republic of Ireland,https://en.m.wikipedia.org/wiki/List_of_towns_and_villages_in_the_Republic_of_Ireland
Gougane Barra,Republic of Ireland,https://en.m.wikipedia.org/wiki/List_of_towns_and_villages_in_the_Republic_of_Ireland
Goulane,Republic of Ireland,https://en.m.wikipedia.org/wiki/List_of_towns_and_villages_in_the_Republic_of_Ireland
Gowran,Republic of Ireland,https://en.m.wikipedia.org/wiki/List_of_towns_and_villages_in_the_Republic_of_Ireland
Graiguenamanagh,Republic of Ireland,https://en.m.wikipedia.org/wiki/List_of_towns_and_villages_in_the_Republic_of_Ireland
Granard,Republic of Ireland,https://en.m.wikipedia.org/wiki/List_of_towns_and_villages_in_the_Republic_of_Ireland
Grange (Sligo),Republic of Ireland,https://en.m.wikipedia.org/wiki/List_of_towns_and_villages_in_the_Republic_of_Ireland
Grange (Tipperary),Republic of Ireland,https://en.m.wikipedia.org/wiki/List_of_towns_and_villages_in_the_Republic_of_Ireland
Grange (Waterford),Republic of Ireland,https://en.m.wikipedia.org/wiki/List_of_towns_and_villages_in_the_Republic_of_Ireland
Grangecon,Republic of Ireland,https://en.m.wikipedia.org/wiki/List_of_towns_and_villages_in_the_Republic_of_Ireland
Grangemockler,Republic of Ireland,https://en.m.wikipedia.org/wiki/List_of_towns_and_villages_in_the_Republic_of_Ireland
Greenan,Republic of Ireland,https://en.m.wikipedia.org/wiki/List_of_towns_and_villages_in_the_Republic_of_Ireland
Greencastle,Republic of Ireland,https://en.m.wikipedia.org/wiki/List_of_towns_and_villages_in_the_Republic_of_Ireland
Greenore,Republic of Ireland,https://en.m.wikipedia.org/wiki/List_of_towns_and_villages_in_the_Republic_of_Ireland
Grenagh,Republic of Ireland,https://en.m.wikipedia.org/wiki/List_of_towns_and_villages_in_the_Republic_of_Ireland
Greystones,Republic of Ireland,https://en.m.wikipedia.org/wiki/List_of_towns_and_villages_in_the_Republic_of_Ireland
Gurteen,Republic of Ireland,https://en.m.wikipedia.org/wiki/List_of_towns_and_villages_in_the_Republic_of_Ireland
Gurranabraher,Republic of Ireland,https://en.m.wikipedia.org/wiki/List_of_towns_and_villages_in_the_Republic_of_Ireland
Gweedore (Gaoth Dobhair),Republic of Ireland,https://en.m.wikipedia.org/wiki/List_of_towns_and_villages_in_the_Republic_of_Ireland
Hacketstown,Republic of Ireland,https://en.m.wikipedia.org/wiki/List_of_towns_and_villages_in_the_Republic_of_Ireland
Halfway,Republic of Ireland,https://en.m.wikipedia.org/wiki/List_of_towns_and_villages_in_the_Republic_of_Ireland
Harold's Cross,Republic of Ireland,https://en.m.wikipedia.org/wiki/List_of_towns_and_villages_in_the_Republic_of_Ireland
Headford,Republic of Ireland,https://en.m.wikipedia.org/wiki/List_of_towns_and_villages_in_the_Republic_of_Ireland
Herbertstown,Republic of Ireland,https://en.m.wikipedia.org/wiki/List_of_towns_and_villages_in_the_Republic_of_Ireland
Hollyford,Republic of Ireland,https://en.m.wikipedia.org/wiki/List_of_towns_and_villages_in_the_Republic_of_Ireland
Horseleap,Republic of Ireland,https://en.m.wikipedia.org/wiki/List_of_towns_and_villages_in_the_Republic_of_Ireland
Hollyfort,Republic of Ireland,https://en.m.wikipedia.org/wiki/List_of_towns_and_villages_in_the_Republic_of_Ireland
Hollymount,Republic of Ireland,https://en.m.wikipedia.org/wiki/List_of_towns_and_villages_in_the_Republic_of_Ireland
Hollywood,Republic of Ireland,https://en.m.wikipedia.org/wiki/List_of_towns_and_villages_in_the_Republic_of_Ireland
Holycross,Republic of Ireland,https://en.m.wikipedia.org/wiki/List_of_towns_and_villages_in_the_Republic_of_Ireland
Horse and Jockey,Republic of Ireland,https://en.m.wikipedia.org/wiki/List_of_towns_and_villages_in_the_Republic_of_Ireland
Hospital,Republic of Ireland,https://en.m.wikipedia.org/wiki/List_of_towns_and_villages_in_the_Republic_of_Ireland
Howth,Republic of Ireland,https://en.m.wikipedia.org/wiki/List_of_towns_and_villages_in_the_Republic_of_Ireland
Hugginstown,Republic of Ireland,https://en.m.wikipedia.org/wiki/List_of_towns_and_villages_in_the_Republic_of_Ireland
Hurlers Cross,Republic of Ireland,https://en.m.wikipedia.org/wiki/List_of_towns_and_villages_in_the_Republic_of_Ireland
Inagh,Republic of Ireland,https://en.m.wikipedia.org/wiki/List_of_towns_and_villages_in_the_Republic_of_Ireland
Inch (Clare),Republic of Ireland,https://en.m.wikipedia.org/wiki/List_of_towns_and_villages_in_the_Republic_of_Ireland
Inch (Wexford),Republic of Ireland,https://en.m.wikipedia.org/wiki/List_of_towns_and_villages_in_the_Republic_of_Ireland
Inistioge,Republic of Ireland,https://en.m.wikipedia.org/wiki/List_of_towns_and_villages_in_the_Republic_of_Ireland
Innishannon,Republic of Ireland,https://en.m.wikipedia.org/wiki/List_of_towns_and_villages_in_the_Republic_of_Ireland
Inniskeen,Republic of Ireland,https://en.m.wikipedia.org/wiki/List_of_towns_and_villages_in_the_Republic_of_Ireland
Inver (Donegal),Republic of Ireland,https://en.m.wikipedia.org/wiki/List_of_towns_and_villages_in_the_Republic_of_Ireland
Inver (Mayo),Republic of Ireland,https://en.m.wikipedia.org/wiki/List_of_towns_and_villages_in_the_Republic_of_Ireland
Inverin (Indreabhán),Republic of Ireland,https://en.m.wikipedia.org/wiki/List_of_towns_and_villages_in_the_Republic_of_Ireland
Irishtown (Dublin),Republic of Ireland,https://en.m.wikipedia.org/wiki/List_of_towns_and_villages_in_the_Republic_of_Ireland
Irishtown (Mayo),Republic of Ireland,https://en.m.wikipedia.org/wiki/List_of_towns_and_villages_in_the_Republic_of_Ireland
Islandeady,Republic of Ireland,https://en.m.wikipedia.org/wiki/List_of_towns_and_villages_in_the_Republic_of_Ireland
Ivarstown,Republic of Ireland,https://en.m.wikipedia.org/wiki/List_of_towns_and_villages_in_the_Republic_of_Ireland
Inchicore,Republic of Ireland,https://en.m.wikipedia.org/wiki/List_of_towns_and_villages_in_the_Republic_of_Ireland
Jamestown,Republic of Ireland,https://en.m.wikipedia.org/wiki/List_of_towns_and_villages_in_the_Republic_of_Ireland
Jenkinstown (Kilkenny),Republic of Ireland,https://en.m.wikipedia.org/wiki/List_of_towns_and_villages_in_the_Republic_of_Ireland
Jenkinstown (Louth),Republic of Ireland,https://en.m.wikipedia.org/wiki/List_of_towns_and_villages_in_the_Republic_of_Ireland
Johnstown (Kildare),Republic of Ireland,https://en.m.wikipedia.org/wiki/List_of_towns_and_villages_in_the_Republic_of_Ireland
Johnstown (Kilkenny),Republic of Ireland,https://en.m.wikipedia.org/wiki/List_of_towns_and_villages_in_the_Republic_of_Ireland
Johnstown (Meath),Republic of Ireland,https://en.m.wikipedia.org/wiki/List_of_towns_and_villages_in_the_Republic_of_Ireland
Johnstown Bridge,Republic of Ireland,https://en.m.wikipedia.org/wiki/List_of_towns_and_villages_in_the_Republic_of_Ireland
Julianstown,Republic of Ireland,https://en.m.wikipedia.org/wiki/List_of_towns_and_villages_in_the_Republic_of_Ireland
Kanturk,Republic of Ireland,https://en.m.wikipedia.org/wiki/List_of_towns_and_villages_in_the_Republic_of_Ireland
Keadue,Republic of Ireland,https://en.m.wikipedia.org/wiki/List_of_towns_and_villages_in_the_Republic_of_Ireland
Kealkill,Republic of Ireland,https://en.m.wikipedia.org/wiki/List_of_towns_and_villages_in_the_Republic_of_Ireland
Keel,Republic of Ireland,https://en.m.wikipedia.org/wiki/List_of_towns_and_villages_in_the_Republic_of_Ireland
Keenagh,Republic of Ireland,https://en.m.wikipedia.org/wiki/List_of_towns_and_villages_in_the_Republic_of_Ireland
Kells,Republic of Ireland,https://en.m.wikipedia.org/wiki/List_of_towns_and_villages_in_the_Republic_of_Ireland
Kenmare,Republic of Ireland,https://en.m.wikipedia.org/wiki/List_of_towns_and_villages_in_the_Republic_of_Ireland
Kerrykeel,Republic of Ireland,https://en.m.wikipedia.org/wiki/List_of_towns_and_villages_in_the_Republic_of_Ireland
Keshcarrigan,Republic of Ireland,https://en.m.wikipedia.org/wiki/List_of_towns_and_villages_in_the_Republic_of_Ireland
Kilbarrack,Republic of Ireland,https://en.m.wikipedia.org/wiki/List_of_towns_and_villages_in_the_Republic_of_Ireland
Kilbaha,Republic of Ireland,https://en.m.wikipedia.org/wiki/List_of_towns_and_villages_in_the_Republic_of_Ireland
Kilbeggan,Republic of Ireland,https://en.m.wikipedia.org/wiki/List_of_towns_and_villages_in_the_Republic_of_Ireland
Kilbeheny,Republic of Ireland,https://en.m.wikipedia.org/wiki/List_of_towns_and_villages_in_the_Republic_of_Ireland
Kilberry,Republic of Ireland,https://en.m.wikipedia.org/wiki/List_of_towns_and_villages_in_the_Republic_of_Ireland
Kilbricken,Republic of Ireland,https://en.m.wikipedia.org/wiki/List_of_towns_and_villages_in_the_Republic_of_Ireland
Kilbrin,Republic of Ireland,https://en.m.wikipedia.org/wiki/List_of_towns_and_villages_in_the_Republic_of_Ireland
Kilbrittain,Republic of Ireland,https://en.m.wikipedia.org/wiki/List_of_towns_and_villages_in_the_Republic_of_Ireland
Kilcar (Cill Charthaigh),Republic of Ireland,https://en.m.wikipedia.org/wiki/List_of_towns_and_villages_in_the_Republic_of_Ireland
Kilclooney,Republic of Ireland,https://en.m.wikipedia.org/wiki/List_of_towns_and_villages_in_the_Republic_of_Ireland
Kilcock,Republic of Ireland,https://en.m.wikipedia.org/wiki/List_of_towns_and_villages_in_the_Republic_of_Ireland
Kilcogy,Republic of Ireland,https://en.m.wikipedia.org/wiki/List_of_towns_and_villages_in_the_Republic_of_Ireland
Kilcolgan,Republic of Ireland,https://en.m.wikipedia.org/wiki/List_of_towns_and_villages_in_the_Republic_of_Ireland
Kilconly,Republic of Ireland,https://en.m.wikipedia.org/wiki/List_of_towns_and_villages_in_the_Republic_of_Ireland
Kilcoole,Republic of Ireland,https://en.m.wikipedia.org/wiki/List_of_towns_and_villages_in_the_Republic_of_Ireland
Kilconnell,Republic of Ireland,https://en.m.wikipedia.org/wiki/List_of_towns_and_villages_in_the_Republic_of_Ireland
Kilcormac,Republic of Ireland,https://en.m.wikipedia.org/wiki/List_of_towns_and_villages_in_the_Republic_of_Ireland
Kilcorney,Republic of Ireland,https://en.m.wikipedia.org/wiki/List_of_towns_and_villages_in_the_Republic_of_Ireland
Kilcrohane,Republic of Ireland,https://en.m.wikipedia.org/wiki/List_of_towns_and_villages_in_the_Republic_of_Ireland
Kilcullane,Republic of Ireland,https://en.m.wikipedia.org/wiki/List_of_towns_and_villages_in_the_Republic_of_Ireland
Kilcullen,Republic of Ireland,https://en.m.wikipedia.org/wiki/List_of_towns_and_villages_in_the_Republic_of_Ireland
Kilcurl,Republic of Ireland,https://en.m.wikipedia.org/wiki/List_of_towns_and_villages_in_the_Republic_of_Ireland
Kildangan,Republic of Ireland,https://en.m.wikipedia.org/wiki/List_of_towns_and_villages_in_the_Republic_of_Ireland
Kildare,Republic of Ireland,https://en.m.wikipedia.org/wiki/List_of_towns_and_villages_in_the_Republic_of_Ireland
Kildavin,Republic of Ireland,https://en.m.wikipedia.org/wiki/List_of_towns_and_villages_in_the_Republic_of_Ireland
Kildimo,Republic of Ireland,https://en.m.wikipedia.org/wiki/List_of_towns_and_villages_in_the_Republic_of_Ireland
Kildorrery,Republic of Ireland,https://en.m.wikipedia.org/wiki/List_of_towns_and_villages_in_the_Republic_of_Ireland
Kildysart,Republic of Ireland,https://en.m.wikipedia.org/wiki/List_of_towns_and_villages_in_the_Republic_of_Ireland
Kilfenora,Republic of Ireland,https://en.m.wikipedia.org/wiki/List_of_towns_and_villages_in_the_Republic_of_Ireland
Kilfinane,Republic of Ireland,https://en.m.wikipedia.org/wiki/List_of_towns_and_villages_in_the_Republic_of_Ireland
Kilflynn,Republic of Ireland,https://en.m.wikipedia.org/wiki/List_of_towns_and_villages_in_the_Republic_of_Ireland
Kilgarvan,Republic of Ireland,https://en.m.wikipedia.org/wiki/List_of_towns_and_villages_in_the_Republic_of_Ireland
Kilglass,Republic of Ireland,https://en.m.wikipedia.org/wiki/List_of_towns_and_villages_in_the_Republic_of_Ireland
Kilkea,Republic of Ireland,https://en.m.wikipedia.org/wiki/List_of_towns_and_villages_in_the_Republic_of_Ireland
Kilkee,Republic of Ireland,https://en.m.wikipedia.org/wiki/List_of_towns_and_villages_in_the_Republic_of_Ireland
Kilkelly,Republic of Ireland,https://en.m.wikipedia.org/wiki/List_of_towns_and_villages_in_the_Republic_of_Ireland
Kilkenny,Republic of Ireland,https://en.m.wikipedia.org/wiki/List_of_towns_and_villages_in_the_Republic_of_Ireland
Kilkerrin,Republic of Ireland,https://en.m.wikipedia.org/wiki/List_of_towns_and_villages_in_the_Republic_of_Ireland
Kilkieran (Cill Chiaráin),Republic of Ireland,https://en.m.wikipedia.org/wiki/List_of_towns_and_villages_in_the_Republic_of_Ireland
Kill (Kildare),Republic of Ireland,https://en.m.wikipedia.org/wiki/List_of_towns_and_villages_in_the_Republic_of_Ireland
Killadysert,Republic of Ireland,https://en.m.wikipedia.org/wiki/List_of_towns_and_villages_in_the_Republic_of_Ireland
Killala,Republic of Ireland,https://en.m.wikipedia.org/wiki/List_of_towns_and_villages_in_the_Republic_of_Ireland
Killaloe,Republic of Ireland,https://en.m.wikipedia.org/wiki/List_of_towns_and_villages_in_the_Republic_of_Ireland
Killanne,Republic of Ireland,https://en.m.wikipedia.org/wiki/List_of_towns_and_villages_in_the_Republic_of_Ireland
Killarga,Republic of Ireland,https://en.m.wikipedia.org/wiki/List_of_towns_and_villages_in_the_Republic_of_Ireland
Killarney,Republic of Ireland,https://en.m.wikipedia.org/wiki/List_of_towns_and_villages_in_the_Republic_of_Ireland
Killashee,Republic of Ireland,https://en.m.wikipedia.org/wiki/List_of_towns_and_villages_in_the_Republic_of_Ireland
Killavullen,Republic of Ireland,https://en.m.wikipedia.org/wiki/List_of_towns_and_villages_in_the_Republic_of_Ireland
"Killea, County Donegal",Republic of Ireland,https://en.m.wikipedia.org/wiki/List_of_towns_and_villages_in_the_Republic_of_Ireland
"Killea, County Tipperary",Republic of Ireland,https://en.m.wikipedia.org/wiki/List_of_towns_and_villages_in_the_Republic_of_Ireland
Killeigh,Republic of Ireland,https://en.m.wikipedia.org/wiki/List_of_towns_and_villages_in_the_Republic_of_Ireland
Killenaule,Republic of Ireland,https://en.m.wikipedia.org/wiki/List_of_towns_and_villages_in_the_Republic_of_Ireland
Killeshandra,Republic of Ireland,https://en.m.wikipedia.org/wiki/List_of_towns_and_villages_in_the_Republic_of_Ireland
Killeshin,Republic of Ireland,https://en.m.wikipedia.org/wiki/List_of_towns_and_villages_in_the_Republic_of_Ireland
Kilmainhamwood,Republic of Ireland,https://en.m.wikipedia.org/wiki/List_of_towns_and_villages_in_the_Republic_of_Ireland
Killimordaly,Republic of Ireland,https://en.m.wikipedia.org/wiki/List_of_towns_and_villages_in_the_Republic_of_Ireland
Killinaspick,Republic of Ireland,https://en.m.wikipedia.org/wiki/List_of_towns_and_villages_in_the_Republic_of_Ireland
Killiney,Republic of Ireland,https://en.m.wikipedia.org/wiki/List_of_towns_and_villages_in_the_Republic_of_Ireland
Killinierin,Republic of Ireland,https://en.m.wikipedia.org/wiki/List_of_towns_and_villages_in_the_Republic_of_Ireland
Killorglin,Republic of Ireland,https://en.m.wikipedia.org/wiki/List_of_towns_and_villages_in_the_Republic_of_Ireland
Kilrossanty,Republic of Ireland,https://en.m.wikipedia.org/wiki/List_of_towns_and_villages_in_the_Republic_of_Ireland
Killucan,Republic of Ireland,https://en.m.wikipedia.org/wiki/List_of_towns_and_villages_in_the_Republic_of_Ireland
Killurin (Offaly),Republic of Ireland,https://en.m.wikipedia.org/wiki/List_of_towns_and_villages_in_the_Republic_of_Ireland
Killurin (Wexford),Republic of Ireland,https://en.m.wikipedia.org/wiki/List_of_towns_and_villages_in_the_Republic_of_Ireland
Killybegs,Republic of Ireland,https://en.m.wikipedia.org/wiki/List_of_towns_and_villages_in_the_Republic_of_Ireland
Kilmacanogue,Republic of Ireland,https://en.m.wikipedia.org/wiki/List_of_towns_and_villages_in_the_Republic_of_Ireland
Kilmacduagh,Republic of Ireland,https://en.m.wikipedia.org/wiki/List_of_towns_and_villages_in_the_Republic_of_Ireland
Kilmacow,Republic of Ireland,https://en.m.wikipedia.org/wiki/List_of_towns_and_villages_in_the_Republic_of_Ireland
Kilmacthomas,Republic of Ireland,https://en.m.wikipedia.org/wiki/List_of_towns_and_villages_in_the_Republic_of_Ireland
Kilmaine,Republic of Ireland,https://en.m.wikipedia.org/wiki/List_of_towns_and_villages_in_the_Republic_of_Ireland
Kilmaley,Republic of Ireland,https://en.m.wikipedia.org/wiki/List_of_towns_and_villages_in_the_Republic_of_Ireland
Kilmallock,Republic of Ireland,https://en.m.wikipedia.org/wiki/List_of_towns_and_villages_in_the_Republic_of_Ireland
Kilmead,Republic of Ireland,https://en.m.wikipedia.org/wiki/List_of_towns_and_villages_in_the_Republic_of_Ireland
Kilmeaden,Republic of Ireland,https://en.m.wikipedia.org/wiki/List_of_towns_and_villages_in_the_Republic_of_Ireland
Kilmeage,Republic of Ireland,https://en.m.wikipedia.org/wiki/List_of_towns_and_villages_in_the_Republic_of_Ireland
Kilmeedy,Republic of Ireland,https://en.m.wikipedia.org/wiki/List_of_towns_and_villages_in_the_Republic_of_Ireland
Kilmeena,Republic of Ireland,https://en.m.wikipedia.org/wiki/List_of_towns_and_villages_in_the_Republic_of_Ireland
Kilmessan,Republic of Ireland,https://en.m.wikipedia.org/wiki/List_of_towns_and_villages_in_the_Republic_of_Ireland
Kilmichael,Republic of Ireland,https://en.m.wikipedia.org/wiki/List_of_towns_and_villages_in_the_Republic_of_Ireland
Kilmihil,Republic of Ireland,https://en.m.wikipedia.org/wiki/List_of_towns_and_villages_in_the_Republic_of_Ireland
Kilmore,Republic of Ireland,https://en.m.wikipedia.org/wiki/List_of_towns_and_villages_in_the_Republic_of_Ireland
Kilmore Quay,Republic of Ireland,https://en.m.wikipedia.org/wiki/List_of_towns_and_villages_in_the_Republic_of_Ireland
Kilmoyley,Republic of Ireland,https://en.m.wikipedia.org/wiki/List_of_towns_and_villages_in_the_Republic_of_Ireland
Kilmuckridge,Republic of Ireland,https://en.m.wikipedia.org/wiki/List_of_towns_and_villages_in_the_Republic_of_Ireland
Kilnaboy,Republic of Ireland,https://en.m.wikipedia.org/wiki/List_of_towns_and_villages_in_the_Republic_of_Ireland
Kilnaleck,Republic of Ireland,https://en.m.wikipedia.org/wiki/List_of_towns_and_villages_in_the_Republic_of_Ireland
Kilnamartyra (Cill na Martra),Republic of Ireland,https://en.m.wikipedia.org/wiki/List_of_towns_and_villages_in_the_Republic_of_Ireland
Kilpedder,Republic of Ireland,https://en.m.wikipedia.org/wiki/List_of_towns_and_villages_in_the_Republic_of_Ireland
Kilquade,Republic of Ireland,https://en.m.wikipedia.org/wiki/List_of_towns_and_villages_in_the_Republic_of_Ireland
Kilrane,Republic of Ireland,https://en.m.wikipedia.org/wiki/List_of_towns_and_villages_in_the_Republic_of_Ireland
Kilronan (Cill Rónáin),Republic of Ireland,https://en.m.wikipedia.org/wiki/List_of_towns_and_villages_in_the_Republic_of_Ireland
Kilrush,Republic of Ireland,https://en.m.wikipedia.org/wiki/List_of_towns_and_villages_in_the_Republic_of_Ireland
Kilshanchoe,Republic of Ireland,https://en.m.wikipedia.org/wiki/List_of_towns_and_villages_in_the_Republic_of_Ireland
Kilshanny,Republic of Ireland,https://en.m.wikipedia.org/wiki/List_of_towns_and_villages_in_the_Republic_of_Ireland
Kilskeer,Republic of Ireland,https://en.m.wikipedia.org/wiki/List_of_towns_and_villages_in_the_Republic_of_Ireland
Kiltale,Republic of Ireland,https://en.m.wikipedia.org/wiki/List_of_towns_and_villages_in_the_Republic_of_Ireland
Kiltartan,Republic of Ireland,https://en.m.wikipedia.org/wiki/List_of_towns_and_villages_in_the_Republic_of_Ireland
Kiltealy,Republic of Ireland,https://en.m.wikipedia.org/wiki/List_of_towns_and_villages_in_the_Republic_of_Ireland
Kilteel,Republic of Ireland,https://en.m.wikipedia.org/wiki/List_of_towns_and_villages_in_the_Republic_of_Ireland
Kilteely,Republic of Ireland,https://en.m.wikipedia.org/wiki/List_of_towns_and_villages_in_the_Republic_of_Ireland
Kiltegan,Republic of Ireland,https://en.m.wikipedia.org/wiki/List_of_towns_and_villages_in_the_Republic_of_Ireland
Kilternan,Republic of Ireland,https://en.m.wikipedia.org/wiki/List_of_towns_and_villages_in_the_Republic_of_Ireland
Kiltimagh,Republic of Ireland,https://en.m.wikipedia.org/wiki/List_of_towns_and_villages_in_the_Republic_of_Ireland
Kiltormer,Republic of Ireland,https://en.m.wikipedia.org/wiki/List_of_towns_and_villages_in_the_Republic_of_Ireland
Kiltyclogher,Republic of Ireland,https://en.m.wikipedia.org/wiki/List_of_towns_and_villages_in_the_Republic_of_Ireland
Kilumney,Republic of Ireland,https://en.m.wikipedia.org/wiki/List_of_towns_and_villages_in_the_Republic_of_Ireland
Kilworth,Republic of Ireland,https://en.m.wikipedia.org/wiki/List_of_towns_and_villages_in_the_Republic_of_Ireland
Kincasslagh (Cionn Caslach),Republic of Ireland,https://en.m.wikipedia.org/wiki/List_of_towns_and_villages_in_the_Republic_of_Ireland
Kingscourt,Republic of Ireland,https://en.m.wikipedia.org/wiki/List_of_towns_and_villages_in_the_Republic_of_Ireland
Kinlough,Republic of Ireland,https://en.m.wikipedia.org/wiki/List_of_towns_and_villages_in_the_Republic_of_Ireland
Kinnegad,Republic of Ireland,https://en.m.wikipedia.org/wiki/List_of_towns_and_villages_in_the_Republic_of_Ireland
Kinnitty,Republic of Ireland,https://en.m.wikipedia.org/wiki/List_of_towns_and_villages_in_the_Republic_of_Ireland
Kinsale,Republic of Ireland,https://en.m.wikipedia.org/wiki/List_of_towns_and_villages_in_the_Republic_of_Ireland
Kinsealy,Republic of Ireland,https://en.m.wikipedia.org/wiki/List_of_towns_and_villages_in_the_Republic_of_Ireland
Kinvara,Republic of Ireland,https://en.m.wikipedia.org/wiki/List_of_towns_and_villages_in_the_Republic_of_Ireland
Knightstown,Republic of Ireland,https://en.m.wikipedia.org/wiki/List_of_towns_and_villages_in_the_Republic_of_Ireland
Knock (Clare),Republic of Ireland,https://en.m.wikipedia.org/wiki/List_of_towns_and_villages_in_the_Republic_of_Ireland
Knock (Mayo),Republic of Ireland,https://en.m.wikipedia.org/wiki/List_of_towns_and_villages_in_the_Republic_of_Ireland
Knockbridge,Republic of Ireland,https://en.m.wikipedia.org/wiki/List_of_towns_and_villages_in_the_Republic_of_Ireland
Knockaderry,Republic of Ireland,https://en.m.wikipedia.org/wiki/List_of_towns_and_villages_in_the_Republic_of_Ireland
Knocknahur,Republic of Ireland,https://en.m.wikipedia.org/wiki/List_of_towns_and_villages_in_the_Republic_of_Ireland
Knockananna,Republic of Ireland,https://en.m.wikipedia.org/wiki/List_of_towns_and_villages_in_the_Republic_of_Ireland
Knockanore,Republic of Ireland,https://en.m.wikipedia.org/wiki/List_of_towns_and_villages_in_the_Republic_of_Ireland
Knockcroghery,Republic of Ireland,https://en.m.wikipedia.org/wiki/List_of_towns_and_villages_in_the_Republic_of_Ireland
Knocklyon,Republic of Ireland,https://en.m.wikipedia.org/wiki/List_of_towns_and_villages_in_the_Republic_of_Ireland
Knocknagoshel,Republic of Ireland,https://en.m.wikipedia.org/wiki/List_of_towns_and_villages_in_the_Republic_of_Ireland
Knocknagree,Republic of Ireland,https://en.m.wikipedia.org/wiki/List_of_towns_and_villages_in_the_Republic_of_Ireland
Knockraha,Republic of Ireland,https://en.m.wikipedia.org/wiki/List_of_towns_and_villages_in_the_Republic_of_Ireland
Knocktopher,Republic of Ireland,https://en.m.wikipedia.org/wiki/List_of_towns_and_villages_in_the_Republic_of_Ireland
Labasheeda,Republic of Ireland,https://en.m.wikipedia.org/wiki/List_of_towns_and_villages_in_the_Republic_of_Ireland
Lackagh,Republic of Ireland,https://en.m.wikipedia.org/wiki/List_of_towns_and_villages_in_the_Republic_of_Ireland
Lacken,Republic of Ireland,https://en.m.wikipedia.org/wiki/List_of_towns_and_villages_in_the_Republic_of_Ireland
Laghy,Republic of Ireland,https://en.m.wikipedia.org/wiki/List_of_towns_and_villages_in_the_Republic_of_Ireland
Lahardane,Republic of Ireland,https://en.m.wikipedia.org/wiki/List_of_towns_and_villages_in_the_Republic_of_Ireland
Lahinch,Republic of Ireland,https://en.m.wikipedia.org/wiki/List_of_towns_and_villages_in_the_Republic_of_Ireland
Lanesborough,Republic of Ireland,https://en.m.wikipedia.org/wiki/List_of_towns_and_villages_in_the_Republic_of_Ireland
Laragh (Cavan),Republic of Ireland,https://en.m.wikipedia.org/wiki/List_of_towns_and_villages_in_the_Republic_of_Ireland
Laragh (Wicklow),Republic of Ireland,https://en.m.wikipedia.org/wiki/List_of_towns_and_villages_in_the_Republic_of_Ireland
Largydonnell,Republic of Ireland,https://en.m.wikipedia.org/wiki/List_of_towns_and_villages_in_the_Republic_of_Ireland
Lattin,Republic of Ireland,https://en.m.wikipedia.org/wiki/List_of_towns_and_villages_in_the_Republic_of_Ireland
Lawrencetown,Republic of Ireland,https://en.m.wikipedia.org/wiki/List_of_towns_and_villages_in_the_Republic_of_Ireland
Laytown,Republic of Ireland,https://en.m.wikipedia.org/wiki/List_of_towns_and_villages_in_the_Republic_of_Ireland
Leabgarrow,Republic of Ireland,https://en.m.wikipedia.org/wiki/List_of_towns_and_villages_in_the_Republic_of_Ireland
Leap,Republic of Ireland,https://en.m.wikipedia.org/wiki/List_of_towns_and_villages_in_the_Republic_of_Ireland
Lecanvey,Republic of Ireland,https://en.m.wikipedia.org/wiki/List_of_towns_and_villages_in_the_Republic_of_Ireland
Lecarrow,Republic of Ireland,https://en.m.wikipedia.org/wiki/List_of_towns_and_villages_in_the_Republic_of_Ireland
Leenaun,Republic of Ireland,https://en.m.wikipedia.org/wiki/List_of_towns_and_villages_in_the_Republic_of_Ireland
Leighlinbridge,Republic of Ireland,https://en.m.wikipedia.org/wiki/List_of_towns_and_villages_in_the_Republic_of_Ireland
Leitrim,Republic of Ireland,https://en.m.wikipedia.org/wiki/List_of_towns_and_villages_in_the_Republic_of_Ireland
Leixlip,Republic of Ireland,https://en.m.wikipedia.org/wiki/List_of_towns_and_villages_in_the_Republic_of_Ireland
Lemybrien,Republic of Ireland,https://en.m.wikipedia.org/wiki/List_of_towns_and_villages_in_the_Republic_of_Ireland
Letterfrack,Republic of Ireland,https://en.m.wikipedia.org/wiki/List_of_towns_and_villages_in_the_Republic_of_Ireland
Letterkenny,Republic of Ireland,https://en.m.wikipedia.org/wiki/List_of_towns_and_villages_in_the_Republic_of_Ireland
Lettermacaward (Leitir Mhic a' Bhaird),Republic of Ireland,https://en.m.wikipedia.org/wiki/List_of_towns_and_villages_in_the_Republic_of_Ireland
Lettermore (Leitir Móir),Republic of Ireland,https://en.m.wikipedia.org/wiki/List_of_towns_and_villages_in_the_Republic_of_Ireland
Lettermullen (Leitir Mealláin),Republic of Ireland,https://en.m.wikipedia.org/wiki/List_of_towns_and_villages_in_the_Republic_of_Ireland
Lifford,Republic of Ireland,https://en.m.wikipedia.org/wiki/List_of_towns_and_villages_in_the_Republic_of_Ireland
Limerick,Republic of Ireland,https://en.m.wikipedia.org/wiki/List_of_towns_and_villages_in_the_Republic_of_Ireland
Liscannor,Republic of Ireland,https://en.m.wikipedia.org/wiki/List_of_towns_and_villages_in_the_Republic_of_Ireland
Liscarroll,Republic of Ireland,https://en.m.wikipedia.org/wiki/List_of_towns_and_villages_in_the_Republic_of_Ireland
Lisdoonvarna,Republic of Ireland,https://en.m.wikipedia.org/wiki/List_of_towns_and_villages_in_the_Republic_of_Ireland
Lisgoold,Republic of Ireland,https://en.m.wikipedia.org/wiki/List_of_towns_and_villages_in_the_Republic_of_Ireland
Lismire,Republic of Ireland,https://en.m.wikipedia.org/wiki/List_of_towns_and_villages_in_the_Republic_of_Ireland
Lismore,Republic of Ireland,https://en.m.wikipedia.org/wiki/List_of_towns_and_villages_in_the_Republic_of_Ireland
Lispole (Lios Póil),Republic of Ireland,https://en.m.wikipedia.org/wiki/List_of_towns_and_villages_in_the_Republic_of_Ireland
Lisronagh,Republic of Ireland,https://en.m.wikipedia.org/wiki/List_of_towns_and_villages_in_the_Republic_of_Ireland
Lisryan,Republic of Ireland,https://en.m.wikipedia.org/wiki/List_of_towns_and_villages_in_the_Republic_of_Ireland
Lisselton,Republic of Ireland,https://en.m.wikipedia.org/wiki/List_of_towns_and_villages_in_the_Republic_of_Ireland
Lissycasey,Republic of Ireland,https://en.m.wikipedia.org/wiki/List_of_towns_and_villages_in_the_Republic_of_Ireland
Listowel,Republic of Ireland,https://en.m.wikipedia.org/wiki/List_of_towns_and_villages_in_the_Republic_of_Ireland
Littleton,Republic of Ireland,https://en.m.wikipedia.org/wiki/List_of_towns_and_villages_in_the_Republic_of_Ireland
Lixnaw,Republic of Ireland,https://en.m.wikipedia.org/wiki/List_of_towns_and_villages_in_the_Republic_of_Ireland
Lombardstown,Republic of Ireland,https://en.m.wikipedia.org/wiki/List_of_towns_and_villages_in_the_Republic_of_Ireland
Longford,Republic of Ireland,https://en.m.wikipedia.org/wiki/List_of_towns_and_villages_in_the_Republic_of_Ireland
Longwood,Republic of Ireland,https://en.m.wikipedia.org/wiki/List_of_towns_and_villages_in_the_Republic_of_Ireland
Lorrha,Republic of Ireland,https://en.m.wikipedia.org/wiki/List_of_towns_and_villages_in_the_Republic_of_Ireland
Loughanure (Loch an Iúir),Republic of Ireland,https://en.m.wikipedia.org/wiki/List_of_towns_and_villages_in_the_Republic_of_Ireland
Loughglinn,Republic of Ireland,https://en.m.wikipedia.org/wiki/List_of_towns_and_villages_in_the_Republic_of_Ireland
Loughlinstown,Republic of Ireland,https://en.m.wikipedia.org/wiki/List_of_towns_and_villages_in_the_Republic_of_Ireland
Loughmore,Republic of Ireland,https://en.m.wikipedia.org/wiki/List_of_towns_and_villages_in_the_Republic_of_Ireland
Loughrea,Republic of Ireland,https://en.m.wikipedia.org/wiki/List_of_towns_and_villages_in_the_Republic_of_Ireland
Loughshinny,Republic of Ireland,https://en.m.wikipedia.org/wiki/List_of_towns_and_villages_in_the_Republic_of_Ireland
Louisburgh,Republic of Ireland,https://en.m.wikipedia.org/wiki/List_of_towns_and_villages_in_the_Republic_of_Ireland
Louth,Republic of Ireland,https://en.m.wikipedia.org/wiki/List_of_towns_and_villages_in_the_Republic_of_Ireland
Lucan,Republic of Ireland,https://en.m.wikipedia.org/wiki/List_of_towns_and_villages_in_the_Republic_of_Ireland
Lullymore,Republic of Ireland,https://en.m.wikipedia.org/wiki/List_of_towns_and_villages_in_the_Republic_of_Ireland
Lusk,Republic of Ireland,https://en.m.wikipedia.org/wiki/List_of_towns_and_villages_in_the_Republic_of_Ireland
Lyre,Republic of Ireland,https://en.m.wikipedia.org/wiki/List_of_towns_and_villages_in_the_Republic_of_Ireland
Liscooley,Republic of Ireland,https://en.m.wikipedia.org/wiki/List_of_towns_and_villages_in_the_Republic_of_Ireland
Maam Cross,Republic of Ireland,https://en.m.wikipedia.org/wiki/List_of_towns_and_villages_in_the_Republic_of_Ireland
Macroom,Republic of Ireland,https://en.m.wikipedia.org/wiki/List_of_towns_and_villages_in_the_Republic_of_Ireland
Magheraroarty (Machaire Rabhartaigh),Republic of Ireland,https://en.m.wikipedia.org/wiki/List_of_towns_and_villages_in_the_Republic_of_Ireland
Mahon Bridge,Republic of Ireland,https://en.m.wikipedia.org/wiki/List_of_towns_and_villages_in_the_Republic_of_Ireland
Mahoonagh,Republic of Ireland,https://en.m.wikipedia.org/wiki/List_of_towns_and_villages_in_the_Republic_of_Ireland
Malahide,Republic of Ireland,https://en.m.wikipedia.org/wiki/List_of_towns_and_villages_in_the_Republic_of_Ireland
Malin,Republic of Ireland,https://en.m.wikipedia.org/wiki/List_of_towns_and_villages_in_the_Republic_of_Ireland
Mallow,Republic of Ireland,https://en.m.wikipedia.org/wiki/List_of_towns_and_villages_in_the_Republic_of_Ireland
Manorhamilton,Republic of Ireland,https://en.m.wikipedia.org/wiki/List_of_towns_and_villages_in_the_Republic_of_Ireland
Marlfield,Republic of Ireland,https://en.m.wikipedia.org/wiki/List_of_towns_and_villages_in_the_Republic_of_Ireland
Maum,Republic of Ireland,https://en.m.wikipedia.org/wiki/List_of_towns_and_villages_in_the_Republic_of_Ireland
Mayfield,Republic of Ireland,https://en.m.wikipedia.org/wiki/List_of_towns_and_villages_in_the_Republic_of_Ireland
Maynooth,Republic of Ireland,https://en.m.wikipedia.org/wiki/List_of_towns_and_villages_in_the_Republic_of_Ireland
Mayo,Republic of Ireland,https://en.m.wikipedia.org/wiki/List_of_towns_and_villages_in_the_Republic_of_Ireland
Meelick (Clare),Republic of Ireland,https://en.m.wikipedia.org/wiki/List_of_towns_and_villages_in_the_Republic_of_Ireland
Meelick (Mayo),Republic of Ireland,https://en.m.wikipedia.org/wiki/List_of_towns_and_villages_in_the_Republic_of_Ireland
Meelin,Republic of Ireland,https://en.m.wikipedia.org/wiki/List_of_towns_and_villages_in_the_Republic_of_Ireland
Meenagolan,Republic of Ireland,https://en.m.wikipedia.org/wiki/List_of_towns_and_villages_in_the_Republic_of_Ireland
Menlo,Republic of Ireland,https://en.m.wikipedia.org/wiki/List_of_towns_and_villages_in_the_Republic_of_Ireland
Menlough,Republic of Ireland,https://en.m.wikipedia.org/wiki/List_of_towns_and_villages_in_the_Republic_of_Ireland
Merrion,Republic of Ireland,https://en.m.wikipedia.org/wiki/List_of_towns_and_villages_in_the_Republic_of_Ireland
Midfield Co. Mayo,Republic of Ireland,https://en.m.wikipedia.org/wiki/List_of_towns_and_villages_in_the_Republic_of_Ireland
Midleton,Republic of Ireland,https://en.m.wikipedia.org/wiki/List_of_towns_and_villages_in_the_Republic_of_Ireland
Milestone,Republic of Ireland,https://en.m.wikipedia.org/wiki/List_of_towns_and_villages_in_the_Republic_of_Ireland
Milford (Cork),Republic of Ireland,https://en.m.wikipedia.org/wiki/List_of_towns_and_villages_in_the_Republic_of_Ireland
Milford (Donegal),Republic of Ireland,https://en.m.wikipedia.org/wiki/List_of_towns_and_villages_in_the_Republic_of_Ireland
Millstreet,Republic of Ireland,https://en.m.wikipedia.org/wiki/List_of_towns_and_villages_in_the_Republic_of_Ireland
Milltown (Dublin),Republic of Ireland,https://en.m.wikipedia.org/wiki/List_of_towns_and_villages_in_the_Republic_of_Ireland
Milltown (Galway),Republic of Ireland,https://en.m.wikipedia.org/wiki/List_of_towns_and_villages_in_the_Republic_of_Ireland
Milltown (Kerry),Republic of Ireland,https://en.m.wikipedia.org/wiki/List_of_towns_and_villages_in_the_Republic_of_Ireland
Milltown (Kildare),Republic of Ireland,https://en.m.wikipedia.org/wiki/List_of_towns_and_villages_in_the_Republic_of_Ireland
Milltownpass,Republic of Ireland,https://en.m.wikipedia.org/wiki/List_of_towns_and_villages_in_the_Republic_of_Ireland
Milltown Malbay,Republic of Ireland,https://en.m.wikipedia.org/wiki/List_of_towns_and_villages_in_the_Republic_of_Ireland
Minane Bridge,Republic of Ireland,https://en.m.wikipedia.org/wiki/List_of_towns_and_villages_in_the_Republic_of_Ireland
Mitchelstown,Republic of Ireland,https://en.m.wikipedia.org/wiki/List_of_towns_and_villages_in_the_Republic_of_Ireland
Moate,Republic of Ireland,https://en.m.wikipedia.org/wiki/List_of_towns_and_villages_in_the_Republic_of_Ireland
Mohill,Republic of Ireland,https://en.m.wikipedia.org/wiki/List_of_towns_and_villages_in_the_Republic_of_Ireland
Monageer,Republic of Ireland,https://en.m.wikipedia.org/wiki/List_of_towns_and_villages_in_the_Republic_of_Ireland
Monaghan,Republic of Ireland,https://en.m.wikipedia.org/wiki/List_of_towns_and_villages_in_the_Republic_of_Ireland
Monamolin,Republic of Ireland,https://en.m.wikipedia.org/wiki/List_of_towns_and_villages_in_the_Republic_of_Ireland
Monaseed,Republic of Ireland,https://en.m.wikipedia.org/wiki/List_of_towns_and_villages_in_the_Republic_of_Ireland
Monasteraden,Republic of Ireland,https://en.m.wikipedia.org/wiki/List_of_towns_and_villages_in_the_Republic_of_Ireland
Monasterevin,Republic of Ireland,https://en.m.wikipedia.org/wiki/List_of_towns_and_villages_in_the_Republic_of_Ireland
Moneenroe,Republic of Ireland,https://en.m.wikipedia.org/wiki/List_of_towns_and_villages_in_the_Republic_of_Ireland
Moneygall,Republic of Ireland,https://en.m.wikipedia.org/wiki/List_of_towns_and_villages_in_the_Republic_of_Ireland
Monkstown (Cork),Republic of Ireland,https://en.m.wikipedia.org/wiki/List_of_towns_and_villages_in_the_Republic_of_Ireland
Monkstown (Dublin),Republic of Ireland,https://en.m.wikipedia.org/wiki/List_of_towns_and_villages_in_the_Republic_of_Ireland
Montenotte,Republic of Ireland,https://en.m.wikipedia.org/wiki/List_of_towns_and_villages_in_the_Republic_of_Ireland
Montpelier,Republic of Ireland,https://en.m.wikipedia.org/wiki/List_of_towns_and_villages_in_the_Republic_of_Ireland
Mooncoin,Republic of Ireland,https://en.m.wikipedia.org/wiki/List_of_towns_and_villages_in_the_Republic_of_Ireland
Moone,Republic of Ireland,https://en.m.wikipedia.org/wiki/List_of_towns_and_villages_in_the_Republic_of_Ireland
Mothel,Republic of Ireland,https://en.m.wikipedia.org/wiki/List_of_towns_and_villages_in_the_Republic_of_Ireland
Mountbellew,Republic of Ireland,https://en.m.wikipedia.org/wiki/List_of_towns_and_villages_in_the_Republic_of_Ireland
Mountcharles,Republic of Ireland,https://en.m.wikipedia.org/wiki/List_of_towns_and_villages_in_the_Republic_of_Ireland
Mountcollins,Republic of Ireland,https://en.m.wikipedia.org/wiki/List_of_towns_and_villages_in_the_Republic_of_Ireland
Mountmellick,Republic of Ireland,https://en.m.wikipedia.org/wiki/List_of_towns_and_villages_in_the_Republic_of_Ireland
Mountnugent,Republic of Ireland,https://en.m.wikipedia.org/wiki/List_of_towns_and_villages_in_the_Republic_of_Ireland
Mountrath,Republic of Ireland,https://en.m.wikipedia.org/wiki/List_of_towns_and_villages_in_the_Republic_of_Ireland
Mountshannon,Republic of Ireland,https://en.m.wikipedia.org/wiki/List_of_towns_and_villages_in_the_Republic_of_Ireland
Mount Merrion,Republic of Ireland,https://en.m.wikipedia.org/wiki/List_of_towns_and_villages_in_the_Republic_of_Ireland
Mount Temple,Republic of Ireland,https://en.m.wikipedia.org/wiki/List_of_towns_and_villages_in_the_Republic_of_Ireland
Moville,Republic of Ireland,https://en.m.wikipedia.org/wiki/List_of_towns_and_villages_in_the_Republic_of_Ireland
Moycarkey,Republic of Ireland,https://en.m.wikipedia.org/wiki/List_of_towns_and_villages_in_the_Republic_of_Ireland
Moycullen (Maigh Cuilinn),Republic of Ireland,https://en.m.wikipedia.org/wiki/List_of_towns_and_villages_in_the_Republic_of_Ireland
Moydow,Republic of Ireland,https://en.m.wikipedia.org/wiki/List_of_towns_and_villages_in_the_Republic_of_Ireland
Moygownagh,Republic of Ireland,https://en.m.wikipedia.org/wiki/List_of_towns_and_villages_in_the_Republic_of_Ireland
Moylough,Republic of Ireland,https://en.m.wikipedia.org/wiki/List_of_towns_and_villages_in_the_Republic_of_Ireland
Moynalty,Republic of Ireland,https://en.m.wikipedia.org/wiki/List_of_towns_and_villages_in_the_Republic_of_Ireland
Moyvane,Republic of Ireland,https://en.m.wikipedia.org/wiki/List_of_towns_and_villages_in_the_Republic_of_Ireland
Moyvoughly,Republic of Ireland,https://en.m.wikipedia.org/wiki/List_of_towns_and_villages_in_the_Republic_of_Ireland
Muff,Republic of Ireland,https://en.m.wikipedia.org/wiki/List_of_towns_and_villages_in_the_Republic_of_Ireland
Mulhuddart,Republic of Ireland,https://en.m.wikipedia.org/wiki/List_of_towns_and_villages_in_the_Republic_of_Ireland
Mulhussey,Republic of Ireland,https://en.m.wikipedia.org/wiki/List_of_towns_and_villages_in_the_Republic_of_Ireland
Mullagh (Cavan),Republic of Ireland,https://en.m.wikipedia.org/wiki/List_of_towns_and_villages_in_the_Republic_of_Ireland
Mullagh (Clare),Republic of Ireland,https://en.m.wikipedia.org/wiki/List_of_towns_and_villages_in_the_Republic_of_Ireland
Mullaghmore,Republic of Ireland,https://en.m.wikipedia.org/wiki/List_of_towns_and_villages_in_the_Republic_of_Ireland
Mullinahone,Republic of Ireland,https://en.m.wikipedia.org/wiki/List_of_towns_and_villages_in_the_Republic_of_Ireland
Mullinavat,Republic of Ireland,https://en.m.wikipedia.org/wiki/List_of_towns_and_villages_in_the_Republic_of_Ireland
Mullingar,Republic of Ireland,https://en.m.wikipedia.org/wiki/List_of_towns_and_villages_in_the_Republic_of_Ireland
Mulranny,Republic of Ireland,https://en.m.wikipedia.org/wiki/List_of_towns_and_villages_in_the_Republic_of_Ireland
Multyfarnham,Republic of Ireland,https://en.m.wikipedia.org/wiki/List_of_towns_and_villages_in_the_Republic_of_Ireland
Murroe,Republic of Ireland,https://en.m.wikipedia.org/wiki/List_of_towns_and_villages_in_the_Republic_of_Ireland
Murrooghtoohy,Republic of Ireland,https://en.m.wikipedia.org/wiki/List_of_towns_and_villages_in_the_Republic_of_Ireland
Murrintown,Republic of Ireland,https://en.m.wikipedia.org/wiki/List_of_towns_and_villages_in_the_Republic_of_Ireland
Murrisk,Republic of Ireland,https://en.m.wikipedia.org/wiki/List_of_towns_and_villages_in_the_Republic_of_Ireland
Myrtleville,Republic of Ireland,https://en.m.wikipedia.org/wiki/List_of_towns_and_villages_in_the_Republic_of_Ireland
Myshall,Republic of Ireland,https://en.m.wikipedia.org/wiki/List_of_towns_and_villages_in_the_Republic_of_Ireland
Naas,Republic of Ireland,https://en.m.wikipedia.org/wiki/List_of_towns_and_villages_in_the_Republic_of_Ireland
Nad,Republic of Ireland,https://en.m.wikipedia.org/wiki/List_of_towns_and_villages_in_the_Republic_of_Ireland
Narin,Republic of Ireland,https://en.m.wikipedia.org/wiki/List_of_towns_and_villages_in_the_Republic_of_Ireland
Narraghmore,Republic of Ireland,https://en.m.wikipedia.org/wiki/List_of_towns_and_villages_in_the_Republic_of_Ireland
Naul,Republic of Ireland,https://en.m.wikipedia.org/wiki/List_of_towns_and_villages_in_the_Republic_of_Ireland
Navan,Republic of Ireland,https://en.m.wikipedia.org/wiki/List_of_towns_and_villages_in_the_Republic_of_Ireland
Neale,Republic of Ireland,https://en.m.wikipedia.org/wiki/List_of_towns_and_villages_in_the_Republic_of_Ireland
Nenagh,Republic of Ireland,https://en.m.wikipedia.org/wiki/List_of_towns_and_villages_in_the_Republic_of_Ireland
Newbawn,Republic of Ireland,https://en.m.wikipedia.org/wiki/List_of_towns_and_villages_in_the_Republic_of_Ireland
New Birmingham,Republic of Ireland,https://en.m.wikipedia.org/wiki/List_of_towns_and_villages_in_the_Republic_of_Ireland
Newbliss,Republic of Ireland,https://en.m.wikipedia.org/wiki/List_of_towns_and_villages_in_the_Republic_of_Ireland
Newbridge (Galway),Republic of Ireland,https://en.m.wikipedia.org/wiki/List_of_towns_and_villages_in_the_Republic_of_Ireland
Newbridge (Kildare),Republic of Ireland,https://en.m.wikipedia.org/wiki/List_of_towns_and_villages_in_the_Republic_of_Ireland
Newcastle (Dublin),Republic of Ireland,https://en.m.wikipedia.org/wiki/List_of_towns_and_villages_in_the_Republic_of_Ireland
Newcastle (Wicklow),Republic of Ireland,https://en.m.wikipedia.org/wiki/List_of_towns_and_villages_in_the_Republic_of_Ireland
Newcastle West,Republic of Ireland,https://en.m.wikipedia.org/wiki/List_of_towns_and_villages_in_the_Republic_of_Ireland
Newcestown,Republic of Ireland,https://en.m.wikipedia.org/wiki/List_of_towns_and_villages_in_the_Republic_of_Ireland
New Inn (Galway),Republic of Ireland,https://en.m.wikipedia.org/wiki/List_of_towns_and_villages_in_the_Republic_of_Ireland
New Inn (Laois),Republic of Ireland,https://en.m.wikipedia.org/wiki/List_of_towns_and_villages_in_the_Republic_of_Ireland
New Inn (Tipperary),Republic of Ireland,https://en.m.wikipedia.org/wiki/List_of_towns_and_villages_in_the_Republic_of_Ireland
Newmarket,Republic of Ireland,https://en.m.wikipedia.org/wiki/List_of_towns_and_villages_in_the_Republic_of_Ireland
Newmarket-on-Fergus,Republic of Ireland,https://en.m.wikipedia.org/wiki/List_of_towns_and_villages_in_the_Republic_of_Ireland
Newport (Mayo),Republic of Ireland,https://en.m.wikipedia.org/wiki/List_of_towns_and_villages_in_the_Republic_of_Ireland
Newport (Tipperary),Republic of Ireland,https://en.m.wikipedia.org/wiki/List_of_towns_and_villages_in_the_Republic_of_Ireland
New Ross,Republic of Ireland,https://en.m.wikipedia.org/wiki/List_of_towns_and_villages_in_the_Republic_of_Ireland
Newtown (Laois),Republic of Ireland,https://en.m.wikipedia.org/wiki/List_of_towns_and_villages_in_the_Republic_of_Ireland
Newtown (Tipperary),Republic of Ireland,https://en.m.wikipedia.org/wiki/List_of_towns_and_villages_in_the_Republic_of_Ireland
Newtowncashel,Republic of Ireland,https://en.m.wikipedia.org/wiki/List_of_towns_and_villages_in_the_Republic_of_Ireland
Newtowncunningham,Republic of Ireland,https://en.m.wikipedia.org/wiki/List_of_towns_and_villages_in_the_Republic_of_Ireland
Newtownforbes,Republic of Ireland,https://en.m.wikipedia.org/wiki/List_of_towns_and_villages_in_the_Republic_of_Ireland
Newtowngore,Republic of Ireland,https://en.m.wikipedia.org/wiki/List_of_towns_and_villages_in_the_Republic_of_Ireland
Newtownmountkennedy,Republic of Ireland,https://en.m.wikipedia.org/wiki/List_of_towns_and_villages_in_the_Republic_of_Ireland
Ninemilehouse,Republic of Ireland,https://en.m.wikipedia.org/wiki/List_of_towns_and_villages_in_the_Republic_of_Ireland
Nobber,Republic of Ireland,https://en.m.wikipedia.org/wiki/List_of_towns_and_villages_in_the_Republic_of_Ireland
Nohoval,Republic of Ireland,https://en.m.wikipedia.org/wiki/List_of_towns_and_villages_in_the_Republic_of_Ireland
North Wall,Republic of Ireland,https://en.m.wikipedia.org/wiki/List_of_towns_and_villages_in_the_Republic_of_Ireland
Nurney (Carlow),Republic of Ireland,https://en.m.wikipedia.org/wiki/List_of_towns_and_villages_in_the_Republic_of_Ireland
Nurney (Kildare),Republic of Ireland,https://en.m.wikipedia.org/wiki/List_of_towns_and_villages_in_the_Republic_of_Ireland
O'Briensbridge,Republic of Ireland,https://en.m.wikipedia.org/wiki/List_of_towns_and_villages_in_the_Republic_of_Ireland
O'Callaghans Mills,Republic of Ireland,https://en.m.wikipedia.org/wiki/List_of_towns_and_villages_in_the_Republic_of_Ireland
Ogonnelloe,Republic of Ireland,https://en.m.wikipedia.org/wiki/List_of_towns_and_villages_in_the_Republic_of_Ireland
Oilgate,Republic of Ireland,https://en.m.wikipedia.org/wiki/List_of_towns_and_villages_in_the_Republic_of_Ireland
Old Leighlin,Republic of Ireland,https://en.m.wikipedia.org/wiki/List_of_towns_and_villages_in_the_Republic_of_Ireland
Oldcastle,Republic of Ireland,https://en.m.wikipedia.org/wiki/List_of_towns_and_villages_in_the_Republic_of_Ireland
Oldtown (Dublin),Republic of Ireland,https://en.m.wikipedia.org/wiki/List_of_towns_and_villages_in_the_Republic_of_Ireland
Old Town (Roscommon),Republic of Ireland,https://en.m.wikipedia.org/wiki/List_of_towns_and_villages_in_the_Republic_of_Ireland
Omeath,Republic of Ireland,https://en.m.wikipedia.org/wiki/List_of_towns_and_villages_in_the_Republic_of_Ireland
Ongar,Republic of Ireland,https://en.m.wikipedia.org/wiki/List_of_towns_and_villages_in_the_Republic_of_Ireland
Oola,Republic of Ireland,https://en.m.wikipedia.org/wiki/List_of_towns_and_villages_in_the_Republic_of_Ireland
Oranmore,Republic of Ireland,https://en.m.wikipedia.org/wiki/List_of_towns_and_villages_in_the_Republic_of_Ireland
Oughterard,Republic of Ireland,https://en.m.wikipedia.org/wiki/List_of_towns_and_villages_in_the_Republic_of_Ireland
Oulart,Republic of Ireland,https://en.m.wikipedia.org/wiki/List_of_towns_and_villages_in_the_Republic_of_Ireland
Ovens,Republic of Ireland,https://en.m.wikipedia.org/wiki/List_of_towns_and_villages_in_the_Republic_of_Ireland
Owenbeg,Republic of Ireland,https://en.m.wikipedia.org/wiki/List_of_towns_and_villages_in_the_Republic_of_Ireland
Oxmantown,Republic of Ireland,https://en.m.wikipedia.org/wiki/List_of_towns_and_villages_in_the_Republic_of_Ireland
Oysterhaven,Republic of Ireland,https://en.m.wikipedia.org/wiki/List_of_towns_and_villages_in_the_Republic_of_Ireland
Palatine,Republic of Ireland,https://en.m.wikipedia.org/wiki/List_of_towns_and_villages_in_the_Republic_of_Ireland
Pallasgreen,Republic of Ireland,https://en.m.wikipedia.org/wiki/List_of_towns_and_villages_in_the_Republic_of_Ireland
Pallaskenry,Republic of Ireland,https://en.m.wikipedia.org/wiki/List_of_towns_and_villages_in_the_Republic_of_Ireland
Palmerstown,Republic of Ireland,https://en.m.wikipedia.org/wiki/List_of_towns_and_villages_in_the_Republic_of_Ireland
Parteen,Republic of Ireland,https://en.m.wikipedia.org/wiki/List_of_towns_and_villages_in_the_Republic_of_Ireland
Partry,Republic of Ireland,https://en.m.wikipedia.org/wiki/List_of_towns_and_villages_in_the_Republic_of_Ireland
Passage East,Republic of Ireland,https://en.m.wikipedia.org/wiki/List_of_towns_and_villages_in_the_Republic_of_Ireland
Passage West,Republic of Ireland,https://en.m.wikipedia.org/wiki/List_of_towns_and_villages_in_the_Republic_of_Ireland
Patrickswell,Republic of Ireland,https://en.m.wikipedia.org/wiki/List_of_towns_and_villages_in_the_Republic_of_Ireland
Paulstown,Republic of Ireland,https://en.m.wikipedia.org/wiki/List_of_towns_and_villages_in_the_Republic_of_Ireland
Perrystown,Republic of Ireland,https://en.m.wikipedia.org/wiki/List_of_towns_and_villages_in_the_Republic_of_Ireland
Pettigo,Republic of Ireland,https://en.m.wikipedia.org/wiki/List_of_towns_and_villages_in_the_Republic_of_Ireland
Piltown,Republic of Ireland,https://en.m.wikipedia.org/wiki/List_of_towns_and_villages_in_the_Republic_of_Ireland
Pollagh,Republic of Ireland,https://en.m.wikipedia.org/wiki/List_of_towns_and_villages_in_the_Republic_of_Ireland
Pontoon,Republic of Ireland,https://en.m.wikipedia.org/wiki/List_of_towns_and_villages_in_the_Republic_of_Ireland
Portacloy,Republic of Ireland,https://en.m.wikipedia.org/wiki/List_of_towns_and_villages_in_the_Republic_of_Ireland
Portarlington,Republic of Ireland,https://en.m.wikipedia.org/wiki/List_of_towns_and_villages_in_the_Republic_of_Ireland
Portlaoise,Republic of Ireland,https://en.m.wikipedia.org/wiki/List_of_towns_and_villages_in_the_Republic_of_Ireland
Portlaw,Republic of Ireland,https://en.m.wikipedia.org/wiki/List_of_towns_and_villages_in_the_Republic_of_Ireland
Portmagee,Republic of Ireland,https://en.m.wikipedia.org/wiki/List_of_towns_and_villages_in_the_Republic_of_Ireland
Portmarnock,Republic of Ireland,https://en.m.wikipedia.org/wiki/List_of_towns_and_villages_in_the_Republic_of_Ireland
Portnablagh,Republic of Ireland,https://en.m.wikipedia.org/wiki/List_of_towns_and_villages_in_the_Republic_of_Ireland
Portrane,Republic of Ireland,https://en.m.wikipedia.org/wiki/List_of_towns_and_villages_in_the_Republic_of_Ireland
Portroe,Republic of Ireland,https://en.m.wikipedia.org/wiki/List_of_towns_and_villages_in_the_Republic_of_Ireland
Portumna,Republic of Ireland,https://en.m.wikipedia.org/wiki/List_of_towns_and_villages_in_the_Republic_of_Ireland
Poulaphouca,Republic of Ireland,https://en.m.wikipedia.org/wiki/List_of_towns_and_villages_in_the_Republic_of_Ireland
Poulpeasty,Republic of Ireland,https://en.m.wikipedia.org/wiki/List_of_towns_and_villages_in_the_Republic_of_Ireland
Prosperous,Republic of Ireland,https://en.m.wikipedia.org/wiki/List_of_towns_and_villages_in_the_Republic_of_Ireland
Puckane,Republic of Ireland,https://en.m.wikipedia.org/wiki/List_of_towns_and_villages_in_the_Republic_of_Ireland
Pullathomas,Republic of Ireland,https://en.m.wikipedia.org/wiki/List_of_towns_and_villages_in_the_Republic_of_Ireland
Quigley's Point,Republic of Ireland,https://en.m.wikipedia.org/wiki/List_of_towns_and_villages_in_the_Republic_of_Ireland
Quilty,Republic of Ireland,https://en.m.wikipedia.org/wiki/List_of_towns_and_villages_in_the_Republic_of_Ireland
Quin,Republic of Ireland,https://en.m.wikipedia.org/wiki/List_of_towns_and_villages_in_the_Republic_of_Ireland
Rahara,Republic of Ireland,https://en.m.wikipedia.org/wiki/List_of_towns_and_villages_in_the_Republic_of_Ireland
Raharney,Republic of Ireland,https://en.m.wikipedia.org/wiki/List_of_towns_and_villages_in_the_Republic_of_Ireland
Raheen (Laois),Republic of Ireland,https://en.m.wikipedia.org/wiki/List_of_towns_and_villages_in_the_Republic_of_Ireland
Raheen (Limerick),Republic of Ireland,https://en.m.wikipedia.org/wiki/List_of_towns_and_villages_in_the_Republic_of_Ireland
Raheen (Wexford),Republic of Ireland,https://en.m.wikipedia.org/wiki/List_of_towns_and_villages_in_the_Republic_of_Ireland
Raheny,Republic of Ireland,https://en.m.wikipedia.org/wiki/List_of_towns_and_villages_in_the_Republic_of_Ireland
Ramelton,Republic of Ireland,https://en.m.wikipedia.org/wiki/List_of_towns_and_villages_in_the_Republic_of_Ireland
Ranelagh,Republic of Ireland,https://en.m.wikipedia.org/wiki/List_of_towns_and_villages_in_the_Republic_of_Ireland
Rannafast (Rann na Feirste),Republic of Ireland,https://en.m.wikipedia.org/wiki/List_of_towns_and_villages_in_the_Republic_of_Ireland
Raphoe,Republic of Ireland,https://en.m.wikipedia.org/wiki/List_of_towns_and_villages_in_the_Republic_of_Ireland
Rathangan (Kildare),Republic of Ireland,https://en.m.wikipedia.org/wiki/List_of_towns_and_villages_in_the_Republic_of_Ireland
Rathangan (Wexford),Republic of Ireland,https://en.m.wikipedia.org/wiki/List_of_towns_and_villages_in_the_Republic_of_Ireland
Rathcabbin,Republic of Ireland,https://en.m.wikipedia.org/wiki/List_of_towns_and_villages_in_the_Republic_of_Ireland
Ráth Chairn,Republic of Ireland,https://en.m.wikipedia.org/wiki/List_of_towns_and_villages_in_the_Republic_of_Ireland
Rathcoffey,Republic of Ireland,https://en.m.wikipedia.org/wiki/List_of_towns_and_villages_in_the_Republic_of_Ireland
Rathconrath,Republic of Ireland,https://en.m.wikipedia.org/wiki/List_of_towns_and_villages_in_the_Republic_of_Ireland
Rathcoole,Republic of Ireland,https://en.m.wikipedia.org/wiki/List_of_towns_and_villages_in_the_Republic_of_Ireland
Rathcormac,Republic of Ireland,https://en.m.wikipedia.org/wiki/List_of_towns_and_villages_in_the_Republic_of_Ireland
Rathdowney,Republic of Ireland,https://en.m.wikipedia.org/wiki/List_of_towns_and_villages_in_the_Republic_of_Ireland
Rathdrum,Republic of Ireland,https://en.m.wikipedia.org/wiki/List_of_towns_and_villages_in_the_Republic_of_Ireland
Rathfarnham,Republic of Ireland,https://en.m.wikipedia.org/wiki/List_of_towns_and_villages_in_the_Republic_of_Ireland
Rathgar,Republic of Ireland,https://en.m.wikipedia.org/wiki/List_of_towns_and_villages_in_the_Republic_of_Ireland
Rathgormack,Republic of Ireland,https://en.m.wikipedia.org/wiki/List_of_towns_and_villages_in_the_Republic_of_Ireland
Rathkeale,Republic of Ireland,https://en.m.wikipedia.org/wiki/List_of_towns_and_villages_in_the_Republic_of_Ireland
Rathmines,Republic of Ireland,https://en.m.wikipedia.org/wiki/List_of_towns_and_villages_in_the_Republic_of_Ireland
Rathmolyon,Republic of Ireland,https://en.m.wikipedia.org/wiki/List_of_towns_and_villages_in_the_Republic_of_Ireland
Rathmore,Republic of Ireland,https://en.m.wikipedia.org/wiki/List_of_towns_and_villages_in_the_Republic_of_Ireland
Rathmullan,Republic of Ireland,https://en.m.wikipedia.org/wiki/List_of_towns_and_villages_in_the_Republic_of_Ireland
Rathnaconeen,Republic of Ireland,https://en.m.wikipedia.org/wiki/List_of_towns_and_villages_in_the_Republic_of_Ireland
Rathnew,Republic of Ireland,https://en.m.wikipedia.org/wiki/List_of_towns_and_villages_in_the_Republic_of_Ireland
Rathnure,Republic of Ireland,https://en.m.wikipedia.org/wiki/List_of_towns_and_villages_in_the_Republic_of_Ireland
Rathowen,Republic of Ireland,https://en.m.wikipedia.org/wiki/List_of_towns_and_villages_in_the_Republic_of_Ireland
Rathvilly,Republic of Ireland,https://en.m.wikipedia.org/wiki/List_of_towns_and_villages_in_the_Republic_of_Ireland
Ratoath,Republic of Ireland,https://en.m.wikipedia.org/wiki/List_of_towns_and_villages_in_the_Republic_of_Ireland
Rearcross,Republic of Ireland,https://en.m.wikipedia.org/wiki/List_of_towns_and_villages_in_the_Republic_of_Ireland
Recess,Republic of Ireland,https://en.m.wikipedia.org/wiki/List_of_towns_and_villages_in_the_Republic_of_Ireland
Redcastle,Republic of Ireland,https://en.m.wikipedia.org/wiki/List_of_towns_and_villages_in_the_Republic_of_Ireland
Redcross,Republic of Ireland,https://en.m.wikipedia.org/wiki/List_of_towns_and_villages_in_the_Republic_of_Ireland
Redhouse,Republic of Ireland,https://en.m.wikipedia.org/wiki/List_of_towns_and_villages_in_the_Republic_of_Ireland
Redhills (Cavan),Republic of Ireland,https://en.m.wikipedia.org/wiki/List_of_towns_and_villages_in_the_Republic_of_Ireland
Rerrin,Republic of Ireland,https://en.m.wikipedia.org/wiki/List_of_towns_and_villages_in_the_Republic_of_Ireland
Renmore,Republic of Ireland,https://en.m.wikipedia.org/wiki/List_of_towns_and_villages_in_the_Republic_of_Ireland
Ring (An Rinn),Republic of Ireland,https://en.m.wikipedia.org/wiki/List_of_towns_and_villages_in_the_Republic_of_Ireland
Ringaskiddy,Republic of Ireland,https://en.m.wikipedia.org/wiki/List_of_towns_and_villages_in_the_Republic_of_Ireland
Ringsend,Republic of Ireland,https://en.m.wikipedia.org/wiki/List_of_towns_and_villages_in_the_Republic_of_Ireland
Riverchapel,Republic of Ireland,https://en.m.wikipedia.org/wiki/List_of_towns_and_villages_in_the_Republic_of_Ireland
Riverquarter,Republic of Ireland,https://en.m.wikipedia.org/wiki/List_of_towns_and_villages_in_the_Republic_of_Ireland
Riverstick,Republic of Ireland,https://en.m.wikipedia.org/wiki/List_of_towns_and_villages_in_the_Republic_of_Ireland
Riverstown (Sligo),Republic of Ireland,https://en.m.wikipedia.org/wiki/List_of_towns_and_villages_in_the_Republic_of_Ireland
Riverstown (Tipperary/Offaly),Republic of Ireland,https://en.m.wikipedia.org/wiki/List_of_towns_and_villages_in_the_Republic_of_Ireland
Robertstown,Republic of Ireland,https://en.m.wikipedia.org/wiki/List_of_towns_and_villages_in_the_Republic_of_Ireland
Rochfortbridge,Republic of Ireland,https://en.m.wikipedia.org/wiki/List_of_towns_and_villages_in_the_Republic_of_Ireland
Rochestown,Republic of Ireland,https://en.m.wikipedia.org/wiki/List_of_towns_and_villages_in_the_Republic_of_Ireland
Rockchapel,Republic of Ireland,https://en.m.wikipedia.org/wiki/List_of_towns_and_villages_in_the_Republic_of_Ireland
Rockbrook,Republic of Ireland,https://en.m.wikipedia.org/wiki/List_of_towns_and_villages_in_the_Republic_of_Ireland
Rockcorry,Republic of Ireland,https://en.m.wikipedia.org/wiki/List_of_towns_and_villages_in_the_Republic_of_Ireland
Rockmills,Republic of Ireland,https://en.m.wikipedia.org/wiki/List_of_towns_and_villages_in_the_Republic_of_Ireland
Rolestown,Republic of Ireland,https://en.m.wikipedia.org/wiki/List_of_towns_and_villages_in_the_Republic_of_Ireland
Roosky,Republic of Ireland,https://en.m.wikipedia.org/wiki/List_of_towns_and_villages_in_the_Republic_of_Ireland
Rosbercon,Republic of Ireland,https://en.m.wikipedia.org/wiki/List_of_towns_and_villages_in_the_Republic_of_Ireland
Roscommon,Republic of Ireland,https://en.m.wikipedia.org/wiki/List_of_towns_and_villages_in_the_Republic_of_Ireland
Roscrea,Republic of Ireland,https://en.m.wikipedia.org/wiki/List_of_towns_and_villages_in_the_Republic_of_Ireland
Rosegreen,Republic of Ireland,https://en.m.wikipedia.org/wiki/List_of_towns_and_villages_in_the_Republic_of_Ireland
Rosemount,Republic of Ireland,https://en.m.wikipedia.org/wiki/List_of_towns_and_villages_in_the_Republic_of_Ireland
Rosenallis,Republic of Ireland,https://en.m.wikipedia.org/wiki/List_of_towns_and_villages_in_the_Republic_of_Ireland
Roslevan,Republic of Ireland,https://en.m.wikipedia.org/wiki/List_of_towns_and_villages_in_the_Republic_of_Ireland
Rosmuc,Republic of Ireland,https://en.m.wikipedia.org/wiki/List_of_towns_and_villages_in_the_Republic_of_Ireland
Rossaveel (Ros a' Mhíl),Republic of Ireland,https://en.m.wikipedia.org/wiki/List_of_towns_and_villages_in_the_Republic_of_Ireland
Rosscarbery,Republic of Ireland,https://en.m.wikipedia.org/wiki/List_of_towns_and_villages_in_the_Republic_of_Ireland
Rosses Point,Republic of Ireland,https://en.m.wikipedia.org/wiki/List_of_towns_and_villages_in_the_Republic_of_Ireland
Rossinver,Republic of Ireland,https://en.m.wikipedia.org/wiki/List_of_towns_and_villages_in_the_Republic_of_Ireland
Rosslare Harbour,Republic of Ireland,https://en.m.wikipedia.org/wiki/List_of_towns_and_villages_in_the_Republic_of_Ireland
Rosslare Strand,Republic of Ireland,https://en.m.wikipedia.org/wiki/List_of_towns_and_villages_in_the_Republic_of_Ireland
Rossnowlagh,Republic of Ireland,https://en.m.wikipedia.org/wiki/List_of_towns_and_villages_in_the_Republic_of_Ireland
Rossport (Ros Dumhach),Republic of Ireland,https://en.m.wikipedia.org/wiki/List_of_towns_and_villages_in_the_Republic_of_Ireland
Roundstone,Republic of Ireland,https://en.m.wikipedia.org/wiki/List_of_towns_and_villages_in_the_Republic_of_Ireland
Roundwood,Republic of Ireland,https://en.m.wikipedia.org/wiki/List_of_towns_and_villages_in_the_Republic_of_Ireland
Royal Oak,Republic of Ireland,https://en.m.wikipedia.org/wiki/List_of_towns_and_villages_in_the_Republic_of_Ireland
Ruan,Republic of Ireland,https://en.m.wikipedia.org/wiki/List_of_towns_and_villages_in_the_Republic_of_Ireland
Rush,Republic of Ireland,https://en.m.wikipedia.org/wiki/List_of_towns_and_villages_in_the_Republic_of_Ireland
Rushbrooke,Republic of Ireland,https://en.m.wikipedia.org/wiki/List_of_towns_and_villages_in_the_Republic_of_Ireland
Rylane,Republic of Ireland,https://en.m.wikipedia.org/wiki/List_of_towns_and_villages_in_the_Republic_of_Ireland
Rialto,Republic of Ireland,https://en.m.wikipedia.org/wiki/List_of_towns_and_villages_in_the_Republic_of_Ireland
Saggart,Republic of Ireland,https://en.m.wikipedia.org/wiki/List_of_towns_and_villages_in_the_Republic_of_Ireland
Salia (Sáile),Republic of Ireland,https://en.m.wikipedia.org/wiki/List_of_towns_and_villages_in_the_Republic_of_Ireland
Sallins,Republic of Ireland,https://en.m.wikipedia.org/wiki/List_of_towns_and_villages_in_the_Republic_of_Ireland
Sallybrook,Republic of Ireland,https://en.m.wikipedia.org/wiki/List_of_towns_and_villages_in_the_Republic_of_Ireland
Sallynoggin,Republic of Ireland,https://en.m.wikipedia.org/wiki/List_of_towns_and_villages_in_the_Republic_of_Ireland
Salthill,Republic of Ireland,https://en.m.wikipedia.org/wiki/List_of_towns_and_villages_in_the_Republic_of_Ireland
Saltmills,Republic of Ireland,https://en.m.wikipedia.org/wiki/List_of_towns_and_villages_in_the_Republic_of_Ireland
Sandpit,Republic of Ireland,https://en.m.wikipedia.org/wiki/List_of_towns_and_villages_in_the_Republic_of_Ireland
Sandycove,Republic of Ireland,https://en.m.wikipedia.org/wiki/List_of_towns_and_villages_in_the_Republic_of_Ireland
Sandyford,Republic of Ireland,https://en.m.wikipedia.org/wiki/List_of_towns_and_villages_in_the_Republic_of_Ireland
Sandymount,Republic of Ireland,https://en.m.wikipedia.org/wiki/List_of_towns_and_villages_in_the_Republic_of_Ireland
Santry,Republic of Ireland,https://en.m.wikipedia.org/wiki/List_of_towns_and_villages_in_the_Republic_of_Ireland
Scarnagh,Republic of Ireland,https://en.m.wikipedia.org/wiki/List_of_towns_and_villages_in_the_Republic_of_Ireland
Scariff,Republic of Ireland,https://en.m.wikipedia.org/wiki/List_of_towns_and_villages_in_the_Republic_of_Ireland
Scartaglen,Republic of Ireland,https://en.m.wikipedia.org/wiki/List_of_towns_and_villages_in_the_Republic_of_Ireland
Scraggane,Republic of Ireland,https://en.m.wikipedia.org/wiki/List_of_towns_and_villages_in_the_Republic_of_Ireland
Schull,Republic of Ireland,https://en.m.wikipedia.org/wiki/List_of_towns_and_villages_in_the_Republic_of_Ireland
Scotshouse,Republic of Ireland,https://en.m.wikipedia.org/wiki/List_of_towns_and_villages_in_the_Republic_of_Ireland
Scotstown,Republic of Ireland,https://en.m.wikipedia.org/wiki/List_of_towns_and_villages_in_the_Republic_of_Ireland
Screeb,Republic of Ireland,https://en.m.wikipedia.org/wiki/List_of_towns_and_villages_in_the_Republic_of_Ireland
Shammer,Republic of Ireland,https://en.m.wikipedia.org/wiki/List_of_towns_and_villages_in_the_Republic_of_Ireland
Shanagarry,Republic of Ireland,https://en.m.wikipedia.org/wiki/List_of_towns_and_villages_in_the_Republic_of_Ireland
Shanahoe,Republic of Ireland,https://en.m.wikipedia.org/wiki/List_of_towns_and_villages_in_the_Republic_of_Ireland
Shanagolden,Republic of Ireland,https://en.m.wikipedia.org/wiki/List_of_towns_and_villages_in_the_Republic_of_Ireland
Shandonagh,Republic of Ireland,https://en.m.wikipedia.org/wiki/List_of_towns_and_villages_in_the_Republic_of_Ireland
Shanbally,Republic of Ireland,https://en.m.wikipedia.org/wiki/List_of_towns_and_villages_in_the_Republic_of_Ireland
Shanballymore,Republic of Ireland,https://en.m.wikipedia.org/wiki/List_of_towns_and_villages_in_the_Republic_of_Ireland
Shankill,Republic of Ireland,https://en.m.wikipedia.org/wiki/List_of_towns_and_villages_in_the_Republic_of_Ireland
Shannonbridge,Republic of Ireland,https://en.m.wikipedia.org/wiki/List_of_towns_and_villages_in_the_Republic_of_Ireland
Shannon Harbour,Republic of Ireland,https://en.m.wikipedia.org/wiki/List_of_towns_and_villages_in_the_Republic_of_Ireland
Shannon,Republic of Ireland,https://en.m.wikipedia.org/wiki/List_of_towns_and_villages_in_the_Republic_of_Ireland
Sheean,Republic of Ireland,https://en.m.wikipedia.org/wiki/List_of_towns_and_villages_in_the_Republic_of_Ireland
Shercock,Republic of Ireland,https://en.m.wikipedia.org/wiki/List_of_towns_and_villages_in_the_Republic_of_Ireland
Sheriff Street,Republic of Ireland,https://en.m.wikipedia.org/wiki/List_of_towns_and_villages_in_the_Republic_of_Ireland
Shinrone,Republic of Ireland,https://en.m.wikipedia.org/wiki/List_of_towns_and_villages_in_the_Republic_of_Ireland
Shrove,Republic of Ireland,https://en.m.wikipedia.org/wiki/List_of_towns_and_villages_in_the_Republic_of_Ireland
Shrule,Republic of Ireland,https://en.m.wikipedia.org/wiki/List_of_towns_and_villages_in_the_Republic_of_Ireland
Silvermines,Republic of Ireland,https://en.m.wikipedia.org/wiki/List_of_towns_and_villages_in_the_Republic_of_Ireland
Sixmilebridge,Republic of Ireland,https://en.m.wikipedia.org/wiki/List_of_towns_and_villages_in_the_Republic_of_Ireland
Skehana,Republic of Ireland,https://en.m.wikipedia.org/wiki/List_of_towns_and_villages_in_the_Republic_of_Ireland
Skerries,Republic of Ireland,https://en.m.wikipedia.org/wiki/List_of_towns_and_villages_in_the_Republic_of_Ireland
Skibbereen,Republic of Ireland,https://en.m.wikipedia.org/wiki/List_of_towns_and_villages_in_the_Republic_of_Ireland
Skreen,Republic of Ireland,https://en.m.wikipedia.org/wiki/List_of_towns_and_villages_in_the_Republic_of_Ireland
Skryne,Republic of Ireland,https://en.m.wikipedia.org/wiki/List_of_towns_and_villages_in_the_Republic_of_Ireland
Slane,Republic of Ireland,https://en.m.wikipedia.org/wiki/List_of_towns_and_villages_in_the_Republic_of_Ireland
Sligo,Republic of Ireland,https://en.m.wikipedia.org/wiki/List_of_towns_and_villages_in_the_Republic_of_Ireland
Smithborough,Republic of Ireland,https://en.m.wikipedia.org/wiki/List_of_towns_and_villages_in_the_Republic_of_Ireland
Sneem,Republic of Ireland,https://en.m.wikipedia.org/wiki/List_of_towns_and_villages_in_the_Republic_of_Ireland
Sooey,Republic of Ireland,https://en.m.wikipedia.org/wiki/List_of_towns_and_villages_in_the_Republic_of_Ireland
Spanish Point,Republic of Ireland,https://en.m.wikipedia.org/wiki/List_of_towns_and_villages_in_the_Republic_of_Ireland
Spiddal (an Spidéal),Republic of Ireland,https://en.m.wikipedia.org/wiki/List_of_towns_and_villages_in_the_Republic_of_Ireland
Spink,Republic of Ireland,https://en.m.wikipedia.org/wiki/List_of_towns_and_villages_in_the_Republic_of_Ireland
St Johnston,Republic of Ireland,https://en.m.wikipedia.org/wiki/List_of_towns_and_villages_in_the_Republic_of_Ireland
St Mullin's,Republic of Ireland,https://en.m.wikipedia.org/wiki/List_of_towns_and_villages_in_the_Republic_of_Ireland
Stamullen,Republic of Ireland,https://en.m.wikipedia.org/wiki/List_of_towns_and_villages_in_the_Republic_of_Ireland
Staplestown,Republic of Ireland,https://en.m.wikipedia.org/wiki/List_of_towns_and_villages_in_the_Republic_of_Ireland
Stepaside,Republic of Ireland,https://en.m.wikipedia.org/wiki/List_of_towns_and_villages_in_the_Republic_of_Ireland
Stillorgan,Republic of Ireland,https://en.m.wikipedia.org/wiki/List_of_towns_and_villages_in_the_Republic_of_Ireland
Stonetown,Republic of Ireland,https://en.m.wikipedia.org/wiki/List_of_towns_and_villages_in_the_Republic_of_Ireland
Stoneybatter,Republic of Ireland,https://en.m.wikipedia.org/wiki/List_of_towns_and_villages_in_the_Republic_of_Ireland
Stradbally (Laois),Republic of Ireland,https://en.m.wikipedia.org/wiki/List_of_towns_and_villages_in_the_Republic_of_Ireland
Strade,Republic of Ireland,https://en.m.wikipedia.org/wiki/List_of_towns_and_villages_in_the_Republic_of_Ireland
Stradone,Republic of Ireland,https://en.m.wikipedia.org/wiki/List_of_towns_and_villages_in_the_Republic_of_Ireland
Straffan,Republic of Ireland,https://en.m.wikipedia.org/wiki/List_of_towns_and_villages_in_the_Republic_of_Ireland
Stranorlar,Republic of Ireland,https://en.m.wikipedia.org/wiki/List_of_towns_and_villages_in_the_Republic_of_Ireland
Stratford-on-Slaney,Republic of Ireland,https://en.m.wikipedia.org/wiki/List_of_towns_and_villages_in_the_Republic_of_Ireland
Streamstown,Republic of Ireland,https://en.m.wikipedia.org/wiki/List_of_towns_and_villages_in_the_Republic_of_Ireland
Strokestown,Republic of Ireland,https://en.m.wikipedia.org/wiki/List_of_towns_and_villages_in_the_Republic_of_Ireland
Summerhill,Republic of Ireland,https://en.m.wikipedia.org/wiki/List_of_towns_and_villages_in_the_Republic_of_Ireland
Suncroft,Republic of Ireland,https://en.m.wikipedia.org/wiki/List_of_towns_and_villages_in_the_Republic_of_Ireland
Sutton,Republic of Ireland,https://en.m.wikipedia.org/wiki/List_of_towns_and_villages_in_the_Republic_of_Ireland
Swanlinbar,Republic of Ireland,https://en.m.wikipedia.org/wiki/List_of_towns_and_villages_in_the_Republic_of_Ireland
Swinford,Republic of Ireland,https://en.m.wikipedia.org/wiki/List_of_towns_and_villages_in_the_Republic_of_Ireland
Swords,Republic of Ireland,https://en.m.wikipedia.org/wiki/List_of_towns_and_villages_in_the_Republic_of_Ireland
Tacumshane,Republic of Ireland,https://en.m.wikipedia.org/wiki/List_of_towns_and_villages_in_the_Republic_of_Ireland
Taghmaconnell,Republic of Ireland,https://en.m.wikipedia.org/wiki/List_of_towns_and_villages_in_the_Republic_of_Ireland
Taghmon,Republic of Ireland,https://en.m.wikipedia.org/wiki/List_of_towns_and_villages_in_the_Republic_of_Ireland
Taghshinny,Republic of Ireland,https://en.m.wikipedia.org/wiki/List_of_towns_and_villages_in_the_Republic_of_Ireland
Tallaght,Republic of Ireland,https://en.m.wikipedia.org/wiki/List_of_towns_and_villages_in_the_Republic_of_Ireland
Tallow,Republic of Ireland,https://en.m.wikipedia.org/wiki/List_of_towns_and_villages_in_the_Republic_of_Ireland
Tang,Republic of Ireland,https://en.m.wikipedia.org/wiki/List_of_towns_and_villages_in_the_Republic_of_Ireland
Tarbert,Republic of Ireland,https://en.m.wikipedia.org/wiki/List_of_towns_and_villages_in_the_Republic_of_Ireland
Tarmonbarry,Republic of Ireland,https://en.m.wikipedia.org/wiki/List_of_towns_and_villages_in_the_Republic_of_Ireland
Tassan,Republic of Ireland,https://en.m.wikipedia.org/wiki/List_of_towns_and_villages_in_the_Republic_of_Ireland
Teelin (Teileann),Republic of Ireland,https://en.m.wikipedia.org/wiki/List_of_towns_and_villages_in_the_Republic_of_Ireland
Templeglantine,Republic of Ireland,https://en.m.wikipedia.org/wiki/List_of_towns_and_villages_in_the_Republic_of_Ireland
Templemore,Republic of Ireland,https://en.m.wikipedia.org/wiki/List_of_towns_and_villages_in_the_Republic_of_Ireland
Templeogue,Republic of Ireland,https://en.m.wikipedia.org/wiki/List_of_towns_and_villages_in_the_Republic_of_Ireland
Templenoe,Republic of Ireland,https://en.m.wikipedia.org/wiki/List_of_towns_and_villages_in_the_Republic_of_Ireland
Terenure,Republic of Ireland,https://en.m.wikipedia.org/wiki/List_of_towns_and_villages_in_the_Republic_of_Ireland
Termon,Republic of Ireland,https://en.m.wikipedia.org/wiki/List_of_towns_and_villages_in_the_Republic_of_Ireland
Termonfeckin,Republic of Ireland,https://en.m.wikipedia.org/wiki/List_of_towns_and_villages_in_the_Republic_of_Ireland
Terryglass,Republic of Ireland,https://en.m.wikipedia.org/wiki/List_of_towns_and_villages_in_the_Republic_of_Ireland
The Glen,Republic of Ireland,https://en.m.wikipedia.org/wiki/List_of_towns_and_villages_in_the_Republic_of_Ireland
The Harrow,Republic of Ireland,https://en.m.wikipedia.org/wiki/List_of_towns_and_villages_in_the_Republic_of_Ireland
The Rower,Republic of Ireland,https://en.m.wikipedia.org/wiki/List_of_towns_and_villages_in_the_Republic_of_Ireland
The Swan,Republic of Ireland,https://en.m.wikipedia.org/wiki/List_of_towns_and_villages_in_the_Republic_of_Ireland
Thomastown,Republic of Ireland,https://en.m.wikipedia.org/wiki/List_of_towns_and_villages_in_the_Republic_of_Ireland
Thurles,Republic of Ireland,https://en.m.wikipedia.org/wiki/List_of_towns_and_villages_in_the_Republic_of_Ireland
Ticknock,Republic of Ireland,https://en.m.wikipedia.org/wiki/List_of_towns_and_villages_in_the_Republic_of_Ireland
Timahoe,Republic of Ireland,https://en.m.wikipedia.org/wiki/List_of_towns_and_villages_in_the_Republic_of_Ireland
Timoleague,Republic of Ireland,https://en.m.wikipedia.org/wiki/List_of_towns_and_villages_in_the_Republic_of_Ireland
Timolin,Republic of Ireland,https://en.m.wikipedia.org/wiki/List_of_towns_and_villages_in_the_Republic_of_Ireland
Tinahely,Republic of Ireland,https://en.m.wikipedia.org/wiki/List_of_towns_and_villages_in_the_Republic_of_Ireland
Tinryland,Republic of Ireland,https://en.m.wikipedia.org/wiki/List_of_towns_and_villages_in_the_Republic_of_Ireland
Tinure,Republic of Ireland,https://en.m.wikipedia.org/wiki/List_of_towns_and_villages_in_the_Republic_of_Ireland
Tipperary,Republic of Ireland,https://en.m.wikipedia.org/wiki/List_of_towns_and_villages_in_the_Republic_of_Ireland
Tivoli,Republic of Ireland,https://en.m.wikipedia.org/wiki/List_of_towns_and_villages_in_the_Republic_of_Ireland
"Togher, Cork",Republic of Ireland,https://en.m.wikipedia.org/wiki/List_of_towns_and_villages_in_the_Republic_of_Ireland
Toomevara,Republic of Ireland,https://en.m.wikipedia.org/wiki/List_of_towns_and_villages_in_the_Republic_of_Ireland
Touraneena,Republic of Ireland,https://en.m.wikipedia.org/wiki/List_of_towns_and_villages_in_the_Republic_of_Ireland
Toorlestraun,Republic of Ireland,https://en.m.wikipedia.org/wiki/List_of_towns_and_villages_in_the_Republic_of_Ireland
Toormakeady (Tuar Mhic Éadaigh),Republic of Ireland,https://en.m.wikipedia.org/wiki/List_of_towns_and_villages_in_the_Republic_of_Ireland
Tower,Republic of Ireland,https://en.m.wikipedia.org/wiki/List_of_towns_and_villages_in_the_Republic_of_Ireland
Tragumna,Republic of Ireland,https://en.m.wikipedia.org/wiki/List_of_towns_and_villages_in_the_Republic_of_Ireland
Tralee,Republic of Ireland,https://en.m.wikipedia.org/wiki/List_of_towns_and_villages_in_the_Republic_of_Ireland
Tramore,Republic of Ireland,https://en.m.wikipedia.org/wiki/List_of_towns_and_villages_in_the_Republic_of_Ireland
Trim,Republic of Ireland,https://en.m.wikipedia.org/wiki/List_of_towns_and_villages_in_the_Republic_of_Ireland
Tuam,Republic of Ireland,https://en.m.wikipedia.org/wiki/List_of_towns_and_villages_in_the_Republic_of_Ireland
Tuamgraney,Republic of Ireland,https://en.m.wikipedia.org/wiki/List_of_towns_and_villages_in_the_Republic_of_Ireland
Tournafulla,Republic of Ireland,https://en.m.wikipedia.org/wiki/List_of_towns_and_villages_in_the_Republic_of_Ireland
Tubber (Clare),Republic of Ireland,https://en.m.wikipedia.org/wiki/List_of_towns_and_villages_in_the_Republic_of_Ireland
Tubber (Galway),Republic of Ireland,https://en.m.wikipedia.org/wiki/List_of_towns_and_villages_in_the_Republic_of_Ireland
Tubber (Offaly),Republic of Ireland,https://en.m.wikipedia.org/wiki/List_of_towns_and_villages_in_the_Republic_of_Ireland
Tubberclare,Republic of Ireland,https://en.m.wikipedia.org/wiki/List_of_towns_and_villages_in_the_Republic_of_Ireland
Tubbercurry,Republic of Ireland,https://en.m.wikipedia.org/wiki/List_of_towns_and_villages_in_the_Republic_of_Ireland
Tulla,Republic of Ireland,https://en.m.wikipedia.org/wiki/List_of_towns_and_villages_in_the_Republic_of_Ireland
Tullaghan,Republic of Ireland,https://en.m.wikipedia.org/wiki/List_of_towns_and_villages_in_the_Republic_of_Ireland
Tullahought,Republic of Ireland,https://en.m.wikipedia.org/wiki/List_of_towns_and_villages_in_the_Republic_of_Ireland
Tullamore,Republic of Ireland,https://en.m.wikipedia.org/wiki/List_of_towns_and_villages_in_the_Republic_of_Ireland
Tullow,Republic of Ireland,https://en.m.wikipedia.org/wiki/List_of_towns_and_villages_in_the_Republic_of_Ireland
Tullyallen,Republic of Ireland,https://en.m.wikipedia.org/wiki/List_of_towns_and_villages_in_the_Republic_of_Ireland
Tulrahan,Republic of Ireland,https://en.m.wikipedia.org/wiki/List_of_towns_and_villages_in_the_Republic_of_Ireland
Tulsk,Republic of Ireland,https://en.m.wikipedia.org/wiki/List_of_towns_and_villages_in_the_Republic_of_Ireland
Turloughmore,Republic of Ireland,https://en.m.wikipedia.org/wiki/List_of_towns_and_villages_in_the_Republic_of_Ireland
Two-Mile Borris,Republic of Ireland,https://en.m.wikipedia.org/wiki/List_of_towns_and_villages_in_the_Republic_of_Ireland
Tydavnet,Republic of Ireland,https://en.m.wikipedia.org/wiki/List_of_towns_and_villages_in_the_Republic_of_Ireland
Tynagh,Republic of Ireland,https://en.m.wikipedia.org/wiki/List_of_towns_and_villages_in_the_Republic_of_Ireland
Tyrrellspass,Republic of Ireland,https://en.m.wikipedia.org/wiki/List_of_towns_and_villages_in_the_Republic_of_Ireland
Union Hall,Republic of Ireland,https://en.m.wikipedia.org/wiki/List_of_towns_and_villages_in_the_Republic_of_Ireland
Upperchurch,Republic of Ireland,https://en.m.wikipedia.org/wiki/List_of_towns_and_villages_in_the_Republic_of_Ireland
Upton,Republic of Ireland,https://en.m.wikipedia.org/wiki/List_of_towns_and_villages_in_the_Republic_of_Ireland
Urlingford,Republic of Ireland,https://en.m.wikipedia.org/wiki/List_of_towns_and_villages_in_the_Republic_of_Ireland
Urris,Republic of Ireland,https://en.m.wikipedia.org/wiki/List_of_towns_and_villages_in_the_Republic_of_Ireland
Valleymount,Republic of Ireland,https://en.m.wikipedia.org/wiki/List_of_towns_and_villages_in_the_Republic_of_Ireland
Ventry (Ceann Trá),Republic of Ireland,https://en.m.wikipedia.org/wiki/List_of_towns_and_villages_in_the_Republic_of_Ireland
Vicarstown,Republic of Ireland,https://en.m.wikipedia.org/wiki/List_of_towns_and_villages_in_the_Republic_of_Ireland
Villierstown,Republic of Ireland,https://en.m.wikipedia.org/wiki/List_of_towns_and_villages_in_the_Republic_of_Ireland
Virginia,Republic of Ireland,https://en.m.wikipedia.org/wiki/List_of_towns_and_villages_in_the_Republic_of_Ireland
Walkinstown,Republic of Ireland,https://en.m.wikipedia.org/wiki/List_of_towns_and_villages_in_the_Republic_of_Ireland
Walsh Island,Republic of Ireland,https://en.m.wikipedia.org/wiki/List_of_towns_and_villages_in_the_Republic_of_Ireland
Watch House Village,Republic of Ireland,https://en.m.wikipedia.org/wiki/List_of_towns_and_villages_in_the_Republic_of_Ireland
Waterfall,Republic of Ireland,https://en.m.wikipedia.org/wiki/List_of_towns_and_villages_in_the_Republic_of_Ireland
Waterford,Republic of Ireland,https://en.m.wikipedia.org/wiki/List_of_towns_and_villages_in_the_Republic_of_Ireland
Watergrasshill,Republic of Ireland,https://en.m.wikipedia.org/wiki/List_of_towns_and_villages_in_the_Republic_of_Ireland
Waterville,Republic of Ireland,https://en.m.wikipedia.org/wiki/List_of_towns_and_villages_in_the_Republic_of_Ireland
Wellingtonbridge,Republic of Ireland,https://en.m.wikipedia.org/wiki/List_of_towns_and_villages_in_the_Republic_of_Ireland
Wellpark,Republic of Ireland,https://en.m.wikipedia.org/wiki/List_of_towns_and_villages_in_the_Republic_of_Ireland
Westport,Republic of Ireland,https://en.m.wikipedia.org/wiki/List_of_towns_and_villages_in_the_Republic_of_Ireland
Wexford,Republic of Ireland,https://en.m.wikipedia.org/wiki/List_of_towns_and_villages_in_the_Republic_of_Ireland
Whitechurch,Republic of Ireland,https://en.m.wikipedia.org/wiki/List_of_towns_and_villages_in_the_Republic_of_Ireland
Whitegate (Clare),Republic of Ireland,https://en.m.wikipedia.org/wiki/List_of_towns_and_villages_in_the_Republic_of_Ireland
Whitegate (Cork),Republic of Ireland,https://en.m.wikipedia.org/wiki/List_of_towns_and_villages_in_the_Republic_of_Ireland
Wicklow,Republic of Ireland,https://en.m.wikipedia.org/wiki/List_of_towns_and_villages_in_the_Republic_of_Ireland
Wilkinstown,Republic of Ireland,https://en.m.wikipedia.org/wiki/List_of_towns_and_villages_in_the_Republic_of_Ireland
Williamstown,Republic of Ireland,https://en.m.wikipedia.org/wiki/List_of_towns_and_villages_in_the_Republic_of_Ireland
Wilton,Republic of Ireland,https://en.m.wikipedia.org/wiki/List_of_towns_and_villages_in_the_Republic_of_Ireland
Windgap,Republic of Ireland,https://en.m.wikipedia.org/wiki/List_of_towns_and_villages_in_the_Republic_of_Ireland
Windy Arbour,Republic of Ireland,https://en.m.wikipedia.org/wiki/List_of_towns_and_villages_in_the_Republic_of_Ireland
Woodenbridge,Republic of Ireland,https://en.m.wikipedia.org/wiki/List_of_towns_and_villages_in_the_Republic_of_Ireland
Woodford,Republic of Ireland,https://en.m.wikipedia.org/wiki/List_of_towns_and_villages_in_the_Republic_of_Ireland
Woodlawn,Republic of Ireland,https://en.m.wikipedia.org/wiki/List_of_towns_and_villages_in_the_Republic_of_Ireland
Whitehall,Republic of Ireland,https://en.m.wikipedia.org/wiki/List_of_towns_and_villages_in_the_Republic_of_Ireland
Yellow Furze,Republic of Ireland,https://en.m.wikipedia.org/wiki/List_of_towns_and_villages_in_the_Republic_of_Ireland
Youghal,Republic of Ireland,https://en.m.wikipedia.org/wiki/List_of_towns_and_villages_in_the_Republic_of_Ireland
Bath,England,https://en.wikipedia.org/wiki/List_of_cities_in_the_United_Kingdom
Birmingham,England,https://en.wikipedia.org/wiki/List_of_cities_in_the_United_Kingdom
Bradford,England,https://en.wikipedia.org/wiki/List_of_cities_in_the_United_Kingdom
Brighton and Hove,England,https://en.wikipedia.org/wiki/List_of_cities_in_the_United_Kingdom
Bristol,England,https://en.wikipedia.org/wiki/List_of_cities_in_the_United_Kingdom
Cambridge,England,https://en.wikipedia.org/wiki/List_of_cities_in_the_United_Kingdom
Canterbury,England,https://en.wikipedia.org/wiki/List_of_cities_in_the_United_Kingdom
Carlisle,England,https://en.wikipedia.org/wiki/List_of_cities_in_the_United_Kingdom
Chelmsford,England,https://en.wikipedia.org/wiki/List_of_cities_in_the_United_Kingdom
Chester,England,https://en.wikipedia.org/wiki/List_of_cities_in_the_United_Kingdom
Chichester,England,https://en.wikipedia.org/wiki/List_of_cities_in_the_United_Kingdom
Colchester,England,https://en.wikipedia.org/wiki/List_of_cities_in_the_United_Kingdom
Coventry,England,https://en.wikipedia.org/wiki/List_of_cities_in_the_United_Kingdom
Derby,England,https://en.wikipedia.org/wiki/List_of_cities_in_the_United_Kingdom
Doncaster,England,https://en.wikipedia.org/wiki/List_of_cities_in_the_United_Kingdom
Durham,England,https://en.wikipedia.org/wiki/List_of_cities_in_the_United_Kingdom
Ely,England,https://en.wikipedia.org/wiki/List_of_cities_in_the_United_Kingdom
Exeter,England,https://en.wikipedia.org/wiki/List_of_cities_in_the_United_Kingdom
Gloucester,England,https://en.wikipedia.org/wiki/List_of_cities_in_the_United_Kingdom
Hereford,England,https://en.wikipedia.org/wiki/List_of_cities_in_the_United_Kingdom
Kingston upon Hull,England,https://en.wikipedia.org/wiki/List_of_cities_in_the_United_Kingdom
Lancaster,England,https://en.wikipedia.org/wiki/List_of_cities_in_the_United_Kingdom
Leeds,England,https://en.wikipedia.org/wiki/List_of_cities_in_the_United_Kingdom
Leicester,England,https://en.wikipedia.org/wiki/List_of_cities_in_the_United_Kingdom
Lichfield,England,https://en.wikipedia.org/wiki/List_of_cities_in_the_United_Kingdom
Lincoln,England,https://en.wikipedia.org/wiki/List_of_cities_in_the_United_Kingdom
Liverpool,England,https://en.wikipedia.org/wiki/List_of_cities_in_the_United_Kingdom
London,England,https://en.wikipedia.org/wiki/List_of_cities_in_the_United_Kingdom
Manchester,England,https://en.wikipedia.org/wiki/List_of_cities_in_the_United_Kingdom
Milton Keynes,England,https://en.wikipedia.org/wiki/List_of_cities_in_the_United_Kingdom
Newcastle upon Tyne,England,https://en.wikipedia.org/wiki/List_of_cities_in_the_United_Kingdom
Norwich,England,https://en.wikipedia.org/wiki/List_of_cities_in_the_United_Kingdom
Nottingham,England,https://en.wikipedia.org/wiki/List_of_cities_in_the_United_Kingdom
Oxford,England,https://en.wikipedia.org/wiki/List_of_cities_in_the_United_Kingdom
Peterborough,England,https://en.wikipedia.org/wiki/List_of_cities_in_the_United_Kingdom
Plymouth,England,https://en.wikipedia.org/wiki/List_of_cities_in_the_United_Kingdom
Portsmouth,England,https://en.wikipedia.org/wiki/List_of_cities_in_the_United_Kingdom
Preston,England,https://en.wikipedia.org/wiki/List_of_cities_in_the_United_Kingdom
Ripon,England,https://en.wikipedia.org/wiki/List_of_cities_in_the_United_Kingdom
Salford,England,https://en.wikipedia.org/wiki/List_of_cities_in_the_United_Kingdom
Salisbury,England,https://en.wikipedia.org/wiki/List_of_cities_in_the_United_Kingdom
Sheffield,England,https://en.wikipedia.org/wiki/List_of_cities_in_the_United_Kingdom
Southampton,England,https://en.wikipedia.org/wiki/List_of_cities_in_the_United_Kingdom
Southend-on-Sea,England,https://en.wikipedia.org/wiki/List_of_cities_in_the_United_Kingdom
St Albans,England,https://en.wikipedia.org/wiki/List_of_cities_in_the_United_Kingdom
Stoke-on-Trent,England,https://en.wikipedia.org/wiki/List_of_cities_in_the_United_Kingdom
Sunderland,England,https://en.wikipedia.org/wiki/List_of_cities_in_the_United_Kingdom
Truro,England,https://en.wikipedia.org/wiki/List_of_cities_in_the_United_Kingdom
Wakefield,England,https://en.wikipedia.org/wiki/List_of_cities_in_the_United_Kingdom
Wells,England,https://en.wikipedia.org/wiki/List_of_cities_in_the_United_Kingdom
Westminster,England,https://en.wikipedia.org/wiki/List_of_cities_in_the_United_Kingdom
Winchester,England,https://en.wikipedia.org/wiki/List_of_cities_in_the_United_Kingdom
Wolverhampton,England,https://en.wikipedia.org/wiki/List_of_cities_in_the_United_Kingdom
Worcester,England,https://en.wikipedia.org/wiki/List_of_cities_in_the_United_Kingdom
York,England,https://en.wikipedia.org/wiki/List_of_cities_in_the_United_Kingdom
